[{"fields": {"select": "new"}, "model": "goods.segment", "pk": 1}, {"fields": {"select": "vintage"}, "model": "goods.segment", "pk": 2}, {"fields": {"select": "modern"}, "model": "goods.style", "pk": 5}, {"fields": {"select": "traditional"}, "model": "goods.style", "pk": 6}, {"fields": {"select": "contemporary"}, "model": "goods.style", "pk": 7}, {"fields": {"select": "rustic"}, "model": "goods.style", "pk": 8}, {"fields": {"select": "industrial"}, "model": "goods.style", "pk": 9}, {"fields": {"select": "beach"}, "model": "goods.style", "pk": 10}, {"fields": {"select": "antique"}, "model": "goods.style", "pk": 11}, {"fields": {"select": "asian"}, "model": "goods.style", "pk": 12}, {"fields": {"select": "seating"}, "model": "goods.furnituretype", "pk": 1}, {"fields": {"select": "tables"}, "model": "goods.furnituretype", "pk": 2}, {"fields": {"select": "lighting"}, "model": "goods.furnituretype", "pk": 3}, {"fields": {"select": "decor"}, "model": "goods.furnituretype", "pk": 5}, {"fields": {"select": "storage"}, "model": "goods.furnituretype", "pk": 6}, {"fields": {"select": "beds"}, "model": "goods.furnituretype", "pk": 7}, {"fields": {"select": "other"}, "model": "goods.furnituretype", "pk": 8}, {"fields": {"select": "kitchen"}, "model": "goods.furnituretype", "pk": 9}, {"fields": {"select": "mid"}, "model": "goods.valuetier", "pk": 1}, {"fields": {"select": "value"}, "model": "goods.valuetier", "pk": 2}, {"fields": {"select": "luxury"}, "model": "goods.valuetier", "pk": 3}, {"fields": {"select": null}, "model": "goods.category", "pk": 1}, {"fields": {"select": "living"}, "model": "goods.category", "pk": 3}, {"fields": {"select": "dining"}, "model": "goods.category", "pk": 4}, {"fields": {"select": "bedroom"}, "model": "goods.category", "pk": 5}, {"fields": {"select": "office"}, "model": "goods.category", "pk": 6}, {"fields": {"select": "lighting"}, "model": "goods.category", "pk": 7}, {"fields": {"select": "decor"}, "model": "goods.category", "pk": 8}, {"fields": {"select": "other"}, "model": "goods.category", "pk": 9}, {"fields": {"shipping_charge": null, "trial_product": false, "select": "bar"}, "model": "goods.subcategory", "pk": 35}, {"fields": {"shipping_charge": null, "trial_product": true, "select": "dresser"}, "model": "goods.subcategory", "pk": 36}, {"fields": {"shipping_charge": null, "trial_product": true, "select": "sofa"}, "model": "goods.subcategory", "pk": 40}, {"fields": {"shipping_charge": null, "trial_product": false, "select": "table - small"}, "model": "goods.subcategory", "pk": 41}, {"fields": {"shipping_charge": null, "trial_product": false, "select": "pillow"}, "model": "goods.subcategory", "pk": 43}, {"fields": {"shipping_charge": null, "trial_product": false, "select": "lighting - other"}, "model": "goods.subcategory", "pk": 44}, {"fields": {"shipping_charge": null, "trial_product": false, "select": "ottoman"}, "model": "goods.subcategory", "pk": 45}, {"fields": {"shipping_charge": null, "trial_product": false, "select": "mirror"}, "model": "goods.subcategory", "pk": 47}, {"fields": {"shipping_charge": null, "trial_product": false, "select": "media"}, "model": "goods.subcategory", "pk": 48}, {"fields": {"shipping_charge": null, "trial_product": true, "select": "loveseat"}, "model": "goods.subcategory", "pk": 49}, {"fields": {"shipping_charge": null, "trial_product": false, "select": "kitchen and serving"}, "model": "goods.subcategory", "pk": 50}, {"fields": {"shipping_charge": null, "trial_product": true, "select": "armoire"}, "model": "goods.subcategory", "pk": 53}, {"fields": {"shipping_charge": null, "trial_product": false, "select": "bar stool"}, "model": "goods.subcategory", "pk": 54}, {"fields": {"shipping_charge": null, "trial_product": false, "select": "bed"}, "model": "goods.subcategory", "pk": 55}, {"fields": {"shipping_charge": null, "trial_product": false, "select": "bench"}, "model": "goods.subcategory", "pk": 56}, {"fields": {"shipping_charge": null, "trial_product": false, "select": "chair - dining"}, "model": "goods.subcategory", "pk": 57}, {"fields": {"shipping_charge": null, "trial_product": false, "select": "chair - accent"}, "model": "goods.subcategory", "pk": 58}, {"fields": {"shipping_charge": null, "trial_product": true, "select": "chaise"}, "model": "goods.subcategory", "pk": 60}, {"fields": {"shipping_charge": null, "trial_product": false, "select": "decor - wall"}, "model": "goods.subcategory", "pk": 61}, {"fields": {"shipping_charge": null, "trial_product": false, "select": "decor - table"}, "model": "goods.subcategory", "pk": 62}, {"fields": {"shipping_charge": null, "trial_product": false, "select": "decor - other"}, "model": "goods.subcategory", "pk": 63}, {"fields": {"shipping_charge": null, "trial_product": true, "select": "desk"}, "model": "goods.subcategory", "pk": 64}, {"fields": {"shipping_charge": null, "trial_product": false, "select": "lighting - desk"}, "model": "goods.subcategory", "pk": 65}, {"fields": {"shipping_charge": null, "trial_product": false, "select": "lighting - floor"}, "model": "goods.subcategory", "pk": 66}, {"fields": {"shipping_charge": null, "trial_product": true, "select": "cabinet"}, "model": "goods.subcategory", "pk": 67}, {"fields": {"shipping_charge": null, "trial_product": true, "select": "table - large"}, "model": "goods.subcategory", "pk": 68}, {"fields": {"shipping_charge": null, "trial_product": false, "select": "trunk"}, "model": "goods.subcategory", "pk": 69}, {"fields": {"shipping_charge": null, "trial_product": false, "select": "rug"}, "model": "goods.subcategory", "pk": 70}, {"fields": {"shipping_charge": null, "trial_product": false, "select": "throw"}, "model": "goods.subcategory", "pk": 71}, {"fields": {"shipping_charge": null, "trial_product": true, "select": "bookcase"}, "model": "goods.subcategory", "pk": 72}, {"fields": {"shipping_charge": null, "trial_product": false, "select": "chair - desk"}, "model": "goods.subcategory", "pk": 73}, {"fields": {"select": "Black"}, "model": "goods.color", "pk": 1}, {"fields": {"select": "Brown"}, "model": "goods.color", "pk": 2}, {"fields": {"select": "Clear"}, "model": "goods.color", "pk": 3}, {"fields": {"select": "Silver"}, "model": "goods.color", "pk": 4}, {"fields": {"select": "White"}, "model": "goods.color", "pk": 5}, {"fields": {"select": "Red"}, "model": "goods.color", "pk": 6}, {"fields": {"select": "green"}, "model": "goods.color", "pk": 7}, {"fields": {"select": "Blue"}, "model": "goods.color", "pk": 8}, {"fields": {"select": "Marble"}, "model": "goods.color", "pk": 9}, {"fields": {"select": "Gold"}, "model": "goods.color", "pk": 10}, {"fields": {"select": "Pink"}, "model": "goods.color", "pk": 11}, {"fields": {"select": "Turquoise"}, "model": "goods.color", "pk": 12}, {"fields": {"select": "yellow"}, "model": "goods.color", "pk": 14}, {"fields": {"select": "maroon"}, "model": "goods.color", "pk": 15}, {"fields": {"select": "Purple"}, "model": "goods.color", "pk": 16}, {"fields": {"select": "Light Wood"}, "model": "goods.color", "pk": 17}, {"fields": {"select": "Copper"}, "model": "goods.color", "pk": 18}, {"fields": {"select": "Brass"}, "model": "goods.color", "pk": 19}, {"fields": {"select": "Navy"}, "model": "goods.color", "pk": 20}, {"fields": {"select": "Beige"}, "model": "goods.color", "pk": 21}, {"fields": {"select": "Bronze"}, "model": "goods.color", "pk": 22}, {"fields": {"select": "Steel"}, "model": "goods.color", "pk": 23}, {"fields": {"select": "terra cotta"}, "model": "goods.color", "pk": 24}, {"fields": {"select": "Grey"}, "model": "goods.color", "pk": 25}, {"fields": {"select": "Multicolor"}, "model": "goods.color", "pk": 26}, {"fields": {"select": "Dark Brass"}, "model": "goods.color", "pk": 27}, {"fields": {"select": "Aluminum"}, "model": "goods.color", "pk": 28}, {"fields": {"select": "Orange"}, "model": "goods.color", "pk": 29}, {"fields": {"select": "Cream"}, "model": "goods.color", "pk": 30}, {"fields": {"select": "leather"}, "model": "goods.material", "pk": 1}, {"fields": {"select": "acrylic"}, "model": "goods.material", "pk": 2}, {"fields": {"select": "cotton"}, "model": "goods.material", "pk": 3}, {"fields": {"select": "engineered wood"}, "model": "goods.material", "pk": 4}, {"fields": {"select": "linen"}, "model": "goods.material", "pk": 5}, {"fields": {"select": "fabric "}, "model": "goods.material", "pk": 6}, {"fields": {"select": "polyester"}, "model": "goods.material", "pk": 7}, {"fields": {"select": "wood veneer"}, "model": "goods.material", "pk": 8}, {"fields": {"select": "faux metal"}, "model": "goods.material", "pk": 9}, {"fields": {"select": "ceramic"}, "model": "goods.material", "pk": 10}, {"fields": {"select": "suede"}, "model": "goods.material", "pk": 12}, {"fields": {"select": "wood"}, "model": "goods.material", "pk": 13}, {"fields": {"select": "copper"}, "model": "goods.material", "pk": 14}, {"fields": {"select": "brass"}, "model": "goods.material", "pk": 15}, {"fields": {"select": "cowhide"}, "model": "goods.material", "pk": 16}, {"fields": {"select": "faux alligator"}, "model": "goods.material", "pk": 17}, {"fields": {"select": "cane"}, "model": "goods.material", "pk": 18}, {"fields": {"select": "aluminum"}, "model": "goods.material", "pk": 20}, {"fields": {"select": "velvet"}, "model": "goods.material", "pk": 21}, {"fields": {"select": "glass"}, "model": "goods.material", "pk": 22}, {"fields": {"select": "lucite "}, "model": "goods.material", "pk": 23}, {"fields": {"select": "fiberglass"}, "model": "goods.material", "pk": 24}, {"fields": {"select": "capiz"}, "model": "goods.material", "pk": 26}, {"fields": {"select": "vinyl"}, "model": "goods.material", "pk": 27}, {"fields": {"select": "bronze"}, "model": "goods.material", "pk": 28}, {"fields": {"select": "teak"}, "model": "goods.material", "pk": 29}, {"fields": {"select": "steel"}, "model": "goods.material", "pk": 30}, {"fields": {"select": "terra cotta"}, "model": "goods.material", "pk": 31}, {"fields": {"select": "rattan"}, "model": "goods.material", "pk": 33}, {"fields": {"select": "iron"}, "model": "goods.material", "pk": 34}, {"fields": {"select": "wool"}, "model": "goods.material", "pk": 35}, {"fields": {"select": "crystal"}, "model": "goods.material", "pk": 36}, {"fields": {"select": "marble"}, "model": "goods.material", "pk": 37}, {"fields": {"select": "shell"}, "model": "goods.material", "pk": 38}, {"fields": {"select": "pottery"}, "model": "goods.material", "pk": 39}, {"fields": {"select": "stainless steel"}, "model": "goods.material", "pk": 40}, {"fields": {"select": "metal"}, "model": "goods.material", "pk": 41}, {"fields": {"select": "polypropylene"}, "model": "goods.material", "pk": 42}, {"fields": {"select": "plywood"}, "model": "goods.material", "pk": 43}, {"fields": {"original_price": "205.00", "is_featured": false, "subcategory": [58], "weight": null, "diameter": null, "color": [5], "furnituretype": [1], "height": "31.00", "is_sold": false, "current_price": "205.00", "lng": -122.4215497, "value_tier": null, "manufacturer": null, "sku": null, "style": [5], "segment": [2], "depth": null, "width": null, "has_trial": false, "seat_height": null, "bed_size": "", "store": 10, "category": [3], "material": [2], "description": "", "short_name": "White Acrylic Chair", "color_description": "White", "added_date": "2014-12-30T22:34:17.162Z", "units": 1, "lat": 37.7883114, "pub_date": "2014-12-30T22:22:24Z", "care": null, "return_policy": null, "is_published": true}, "model": "goods.product", "pk": 34}, {"fields": {"original_price": "180.00", "is_featured": false, "subcategory": [63], "weight": null, "diameter": null, "color": [7], "furnituretype": [5], "height": "20.00", "is_sold": false, "current_price": "180.00", "lng": -122.4215497, "value_tier": null, "manufacturer": null, "sku": null, "style": [12], "segment": [2], "depth": null, "width": null, "has_trial": false, "seat_height": null, "bed_size": "", "store": 10, "category": [8], "material": [10], "description": "", "short_name": "Glazed Elephant Pedestal", "color_description": "Green", "added_date": "2014-12-30T22:47:45.089Z", "units": 1, "lat": 37.7883114, "pub_date": "2014-12-30T22:45:51Z", "care": null, "return_policy": null, "is_published": false}, "model": "goods.product", "pk": 38}, {"fields": {"original_price": "620.00", "is_featured": false, "subcategory": [47], "weight": null, "diameter": null, "color": [5], "furnituretype": [5], "height": "68.00", "is_sold": false, "current_price": "620.00", "lng": -122.4215497, "value_tier": null, "manufacturer": null, "sku": null, "style": [], "segment": [2], "depth": null, "width": "42.00", "has_trial": false, "seat_height": null, "bed_size": "", "store": 10, "category": [8], "material": [], "description": "", "short_name": "White Beveled Edge Mirror", "color_description": "Shabby White", "added_date": "2014-12-30T22:52:01.082Z", "units": 1, "lat": 37.7883114, "pub_date": "2014-12-30T22:50:56Z", "care": null, "return_policy": null, "is_published": false}, "model": "goods.product", "pk": 41}, {"fields": {"original_price": "400.00", "is_featured": false, "subcategory": [58], "weight": null, "diameter": null, "color": [8], "furnituretype": [1], "height": "33.00", "is_sold": false, "current_price": "400.00", "lng": -122.4215497, "value_tier": null, "manufacturer": null, "sku": null, "style": [], "segment": [2], "depth": "33.00", "width": "35.00", "has_trial": false, "seat_height": null, "bed_size": "", "store": 10, "category": [3], "material": [6], "description": "", "short_name": "Reese Blue Chair", "color_description": "Grey-Blue", "added_date": "2014-12-30T22:53:16.474Z", "units": 1, "lat": 37.7883114, "pub_date": "2014-12-30T22:52:46Z", "care": null, "return_policy": null, "is_published": true}, "model": "goods.product", "pk": 42}, {"fields": {"original_price": "855.00", "is_featured": false, "subcategory": [56], "weight": null, "diameter": null, "color": [16], "furnituretype": [1], "height": null, "is_sold": false, "current_price": "855.00", "lng": -122.4215497, "value_tier": null, "manufacturer": null, "sku": null, "style": [], "segment": [2], "depth": "28.00", "width": "86.00", "has_trial": false, "seat_height": null, "bed_size": "", "store": 10, "category": [3], "material": [12], "description": "", "short_name": "Purple Suede Tufted Bench", "color_description": "Luxurious Purple", "added_date": "2014-12-31T02:11:18.130Z", "units": 1, "lat": 37.7883114, "pub_date": "2014-12-31T02:10:24Z", "care": null, "return_policy": null, "is_published": true}, "model": "goods.product", "pk": 43}, {"fields": {"original_price": "280.00", "is_featured": false, "subcategory": [58], "weight": null, "diameter": null, "color": [1, 5], "furnituretype": [1], "height": null, "is_sold": false, "current_price": "280.00", "lng": -122.4215497, "value_tier": null, "manufacturer": null, "sku": null, "style": [], "segment": [2], "depth": null, "width": null, "has_trial": false, "seat_height": null, "bed_size": "", "store": 10, "category": [3], "material": [6], "description": "", "short_name": "Zebra Upholstered Chair", "color_description": "Zebra Print", "added_date": "2014-12-31T02:15:44.362Z", "units": 1, "lat": 37.7883114, "pub_date": "2014-12-31T02:14:30Z", "care": null, "return_policy": null, "is_published": false}, "model": "goods.product", "pk": 45}, {"fields": {"original_price": "58.00", "is_featured": false, "subcategory": [63], "weight": null, "diameter": null, "color": [18], "furnituretype": [5], "height": "7.00", "is_sold": false, "current_price": "58.00", "lng": -122.4215497, "value_tier": null, "manufacturer": null, "sku": null, "style": [], "segment": [2], "depth": null, "width": null, "has_trial": false, "seat_height": null, "bed_size": "", "store": 10, "category": [8], "material": [14], "description": "", "short_name": "Copper Foo Dogs", "color_description": "Copper", "added_date": "2014-12-31T02:18:05.935Z", "units": 1, "lat": 37.7883114, "pub_date": "2014-12-31T02:16:59Z", "care": null, "return_policy": null, "is_published": true}, "model": "goods.product", "pk": 46}, {"fields": {"original_price": "105.00", "is_featured": false, "subcategory": [65], "weight": null, "diameter": null, "color": [1, 19], "furnituretype": [3], "height": "34.00", "is_sold": false, "current_price": "105.00", "lng": -122.4215497, "value_tier": null, "manufacturer": null, "sku": null, "style": [], "segment": [2], "depth": null, "width": null, "has_trial": false, "seat_height": null, "bed_size": "", "store": 10, "category": [7], "material": [15], "description": "", "short_name": "Brass Leaf Table Lamp", "color_description": "Brass base, black lamp shade", "added_date": "2014-12-31T02:20:32.045Z", "units": 2, "lat": 37.7883114, "pub_date": "2014-12-31T02:20:28Z", "care": null, "return_policy": null, "is_published": false}, "model": "goods.product", "pk": 47}, {"fields": {"original_price": "620.00", "is_featured": false, "subcategory": [53], "weight": null, "diameter": null, "color": [2], "furnituretype": [6], "height": "76.00", "is_sold": false, "current_price": "620.00", "lng": -122.4215497, "value_tier": null, "manufacturer": null, "sku": null, "style": [], "segment": [2], "depth": "16.00", "width": "21.00", "has_trial": false, "seat_height": null, "bed_size": "", "store": 10, "category": [5], "material": [13], "description": "", "short_name": "Moroccan-Style Armoire", "color_description": "", "added_date": "2014-12-31T02:27:53.267Z", "units": 1, "lat": 37.7883114, "pub_date": "2014-12-31T02:27:18Z", "care": null, "return_policy": null, "is_published": true}, "model": "goods.product", "pk": 50}, {"fields": {"original_price": "650.00", "is_featured": false, "subcategory": [58], "weight": null, "diameter": null, "color": [21], "furnituretype": [1], "height": null, "is_sold": false, "current_price": "650.00", "lng": -122.4215497, "value_tier": null, "manufacturer": null, "sku": null, "style": [], "segment": [2], "depth": null, "width": null, "has_trial": false, "seat_height": null, "bed_size": "", "store": 10, "category": [4], "material": [18], "description": "", "short_name": "Cane Back Bergere Chair", "color_description": "", "added_date": "2014-12-31T02:29:46.192Z", "units": 1, "lat": 37.7883114, "pub_date": "2014-12-31T02:29:17Z", "care": null, "return_policy": null, "is_published": true}, "model": "goods.product", "pk": 51}, {"fields": {"original_price": "58.00", "is_featured": false, "subcategory": [54], "weight": null, "diameter": null, "color": [4], "furnituretype": [1], "height": null, "is_sold": false, "current_price": "58.00", "lng": -122.4215497, "value_tier": null, "manufacturer": null, "sku": null, "style": [], "segment": [2], "depth": null, "width": null, "has_trial": false, "seat_height": null, "bed_size": "", "store": 10, "category": [4], "material": [20], "description": "", "short_name": "Emeco Style Bar Stools", "color_description": "", "added_date": "2014-12-31T02:34:55.934Z", "units": 3, "lat": 37.7883114, "pub_date": "2014-12-31T02:32:32Z", "care": null, "return_policy": null, "is_published": true}, "model": "goods.product", "pk": 53}, {"fields": {"original_price": "2600.00", "is_featured": true, "subcategory": [41], "weight": null, "diameter": null, "color": [3], "furnituretype": [2], "height": "16.00", "is_sold": false, "current_price": "2600.00", "lng": -122.4386934, "value_tier": null, "manufacturer": null, "sku": null, "style": [], "segment": [2], "depth": "30.00", "width": "30.00", "has_trial": true, "seat_height": null, "bed_size": "", "store": 11, "category": [3], "material": [23], "description": "1970s Lucite Coffee Table by Charles Hollis Jones. In great condition for it\u2019s age, very light signs of use, no crazying.", "short_name": "Lucite Coffee Table", "color_description": "", "added_date": "2014-12-31T02:49:13.705Z", "units": 1, "lat": 37.799833, "pub_date": "2014-12-31T02:48:40Z", "care": null, "return_policy": null, "is_published": true}, "model": "goods.product", "pk": 57}, {"fields": {"original_price": "1250.00", "is_featured": false, "subcategory": [58], "weight": null, "diameter": null, "color": [14], "furnituretype": [1], "height": "27.00", "is_sold": false, "current_price": "1250.00", "lng": -122.4386934, "value_tier": null, "manufacturer": null, "sku": null, "style": [], "segment": [2], "depth": "27.00", "width": "25.00", "has_trial": true, "seat_height": "15.00", "bed_size": "", "store": 11, "category": [3], "material": [24], "description": "A circa 1950s Eames for Herman Miller fiberglass rocker in a Lemon Yellow color.\r\nIt\u2019s all original, there are no labels or stamps\r\nBut this is a Herman Miller one.\r\nVery good condition over all, does have a crack, which is possible to fix if wanted at a boat repair shop.\r\nIt a wonderful vintage example of their work.", "short_name": "Eames Rocker", "color_description": "", "added_date": "2014-12-31T02:51:25.017Z", "units": 1, "lat": 37.799833, "pub_date": "2014-12-31T02:50:57Z", "care": null, "return_policy": null, "is_published": false}, "model": "goods.product", "pk": 59}, {"fields": {"original_price": "160.00", "is_featured": false, "subcategory": [44], "weight": null, "diameter": null, "color": [2], "furnituretype": [3], "height": "9.00", "is_sold": false, "current_price": "160.00", "lng": -122.4386934, "value_tier": null, "manufacturer": null, "sku": null, "style": [], "segment": [2], "depth": null, "width": "10.00", "has_trial": false, "seat_height": null, "bed_size": "", "store": 11, "category": [7], "material": [13], "description": "1970s MOD bentwood ceiling fixture.\r\n10in x 9in, with a very long swag cord.\r\nVery nice condition, light signs of wear/use", "short_name": "Bentwood Ceiling Fixture", "color_description": "", "added_date": "2014-12-31T02:53:03.350Z", "units": 1, "lat": 37.799833, "pub_date": "2014-12-31T02:51:51Z", "care": null, "return_policy": null, "is_published": true}, "model": "goods.product", "pk": 60}, {"fields": {"original_price": "480.00", "is_featured": false, "subcategory": [58], "weight": null, "diameter": null, "color": [1], "furnituretype": [1], "height": "29.00", "is_sold": true, "current_price": "480.00", "lng": -122.4386934, "value_tier": null, "manufacturer": null, "sku": null, "style": [], "segment": [2], "depth": "26.00", "width": "31.00", "has_trial": false, "seat_height": "17.00", "bed_size": "", "store": 11, "category": [3], "material": [1], "description": "", "short_name": "Wasilly Style Chair", "color_description": "", "added_date": "2014-12-31T02:55:07.123Z", "units": 1, "lat": 37.799833, "pub_date": "2014-12-31T02:53:38Z", "care": null, "return_policy": null, "is_published": true}, "model": "goods.product", "pk": 61}, {"fields": {"original_price": "165.00", "is_featured": false, "subcategory": [44], "weight": null, "diameter": null, "color": [5], "furnituretype": [3], "height": "15.00", "is_sold": false, "current_price": "165.00", "lng": -122.4386934, "value_tier": null, "manufacturer": null, "sku": null, "style": [], "segment": [2], "depth": null, "width": "12.00", "has_trial": false, "seat_height": null, "bed_size": "", "store": 11, "category": [7], "material": [26], "description": "Capiz ball swag lamp. Great vintage condition over all with no cracks or breaks to the capiz.", "short_name": "Capiz Ball Swag Lamp", "color_description": "", "added_date": "2014-12-31T02:56:23.881Z", "units": 1, "lat": 37.799833, "pub_date": "2014-12-31T02:55:34Z", "care": null, "return_policy": null, "is_published": true}, "model": "goods.product", "pk": 62}, {"fields": {"original_price": "1100.00", "is_featured": false, "subcategory": [41], "weight": null, "diameter": null, "color": [2], "furnituretype": [2], "height": "26.00", "is_sold": false, "current_price": "1100.00", "lng": -122.4386934, "value_tier": null, "manufacturer": null, "sku": null, "style": [], "segment": [2], "depth": "20.00", "width": "36.00", "has_trial": true, "seat_height": null, "bed_size": "", "store": 11, "category": [3], "material": [13], "description": "Mid-century Dowel Console Table circa 1970s, that also could work as a desk. In great shape over all, just light signs of normal wear.", "short_name": "Dowel Console Table", "color_description": "", "added_date": "2014-12-31T03:00:43.170Z", "units": 1, "lat": 37.799833, "pub_date": "2014-12-31T02:57:16Z", "care": null, "return_policy": null, "is_published": true}, "model": "goods.product", "pk": 63}, {"fields": {"original_price": "225.00", "is_featured": false, "subcategory": [65], "weight": null, "diameter": null, "color": [4], "furnituretype": [3], "height": "31.00", "is_sold": false, "current_price": "225.00", "lng": -122.4386934, "value_tier": null, "manufacturer": null, "sku": null, "style": [], "segment": [2], "depth": null, "width": null, "has_trial": false, "seat_height": null, "bed_size": "", "store": 11, "category": [7], "material": [], "description": "1970's frosted white globe held up by a curvy chrome arm, all standing on a round metal base. Over all in great shape, light signs of normal wear. Globe does have a few minor scuff marks", "short_name": "Space Age Table Lamp", "color_description": "", "added_date": "2014-12-31T03:02:40.965Z", "units": 1, "lat": 37.799833, "pub_date": "2014-12-31T03:02:01Z", "care": null, "return_policy": null, "is_published": true}, "model": "goods.product", "pk": 64}, {"fields": {"original_price": "385.00", "is_featured": false, "subcategory": [65], "weight": null, "diameter": null, "color": [19], "furnituretype": [3], "height": "31.00", "is_sold": false, "current_price": "385.00", "lng": -122.4386934, "value_tier": null, "manufacturer": null, "sku": null, "style": [], "segment": [2], "depth": null, "width": "11.00", "has_trial": false, "seat_height": null, "bed_size": "", "store": 11, "category": [7], "material": [15], "description": "", "short_name": "Brass Pharmacy Lamp", "color_description": "", "added_date": "2014-12-31T03:04:57.872Z", "units": 1, "lat": 37.799833, "pub_date": "2014-12-31T03:04:31Z", "care": null, "return_policy": null, "is_published": true}, "model": "goods.product", "pk": 66}, {"fields": {"original_price": "3200.00", "is_featured": false, "subcategory": [63], "weight": null, "diameter": null, "color": [10], "furnituretype": [5], "height": "47.00", "is_sold": false, "current_price": "3200.00", "lng": -122.4386934, "value_tier": null, "manufacturer": null, "sku": null, "style": [], "segment": [2], "depth": "2.00", "width": "58.00", "has_trial": true, "seat_height": null, "bed_size": "", "store": 11, "category": [8], "material": [13], "description": "Stunning circa 19th century Chinese four panel screen, this hand carved 4 panel screen has images of warriors, elders, family scenes, one quite unusual with a mother and child and a man and his horse. Gilded on one side, with red paint on the other. May have been from an opium bed. A wonderful and unique piece from the past.\r\nVery good condition, Structurally sound, there is some minor loss of gold to the edges of the large center panels as well as a few small scratches to the wood on the back side. The high relief carvings are in tact. ", "short_name": "Carved Asian Screen", "color_description": "", "added_date": "2014-12-31T03:06:00.978Z", "units": 1, "lat": 37.799833, "pub_date": "2014-12-31T03:05:27Z", "care": null, "return_policy": null, "is_published": false}, "model": "goods.product", "pk": 67}, {"fields": {"original_price": "1400.00", "is_featured": false, "subcategory": [58], "weight": null, "diameter": null, "color": [1], "furnituretype": [1], "height": "34.00", "is_sold": false, "current_price": "1400.00", "lng": -122.4386934, "value_tier": null, "manufacturer": null, "sku": null, "style": [], "segment": [2], "depth": "35.00", "width": "29.00", "has_trial": true, "seat_height": "15.00", "bed_size": "", "store": 11, "category": [3], "material": [6], "description": "Fritz Hansen Lounge Chair System 123 Model E., from Denmark.\r\nBlack Wool, steel frame.\r\nIn very good condition", "short_name": "Hansen Lounge Chair", "color_description": "", "added_date": "2014-12-31T03:09:54.100Z", "units": 1, "lat": 37.799833, "pub_date": "2014-12-31T03:08:58Z", "care": null, "return_policy": null, "is_published": true}, "model": "goods.product", "pk": 69}, {"fields": {"original_price": "850.00", "is_featured": false, "subcategory": [64], "weight": null, "diameter": null, "color": [2], "furnituretype": [6, 2], "height": "43.00", "is_sold": false, "current_price": "850.00", "lng": -122.4386934, "value_tier": null, "manufacturer": null, "sku": null, "style": [], "segment": [2], "depth": "18.00", "width": "34.00", "has_trial": false, "seat_height": null, "bed_size": "", "store": 11, "category": [6], "material": [29], "description": "", "short_name": "Danish Teak Secretary", "color_description": "", "added_date": "2014-12-31T03:23:36.026Z", "units": 1, "lat": 37.799833, "pub_date": "2014-12-31T03:23:03Z", "care": null, "return_policy": null, "is_published": true}, "model": "goods.product", "pk": 72}, {"fields": {"original_price": "5900.00", "is_featured": false, "subcategory": [58], "weight": null, "diameter": null, "color": [1], "furnituretype": [1], "height": "32.00", "is_sold": false, "current_price": "5900.00", "lng": -122.4386934, "value_tier": null, "manufacturer": null, "sku": null, "style": [], "segment": [2], "depth": "33.00", "width": "33.00", "has_trial": true, "seat_height": "15.00", "bed_size": "", "store": 11, "category": [3], "material": [1], "description": "Classic Eames design, the 670 lounge chair and 671 ottoman for Herman Miller.\r\nRosewood paneled and black leather upholstery, ottoman is stamp 1979\r\nGreat shape over all for its age, light signs of normal wear.", "short_name": "Eames Rosewood Chair", "color_description": "", "added_date": "2014-12-31T03:24:52.756Z", "units": 1, "lat": 37.799833, "pub_date": "2014-12-31T03:24:24Z", "care": null, "return_policy": null, "is_published": true}, "model": "goods.product", "pk": 73}, {"fields": {"original_price": "1750.00", "is_featured": false, "subcategory": [67], "weight": null, "diameter": null, "color": [2], "furnituretype": [6], "height": "33.00", "is_sold": false, "current_price": "1750.00", "lng": -122.4386934, "value_tier": null, "manufacturer": null, "sku": null, "style": [], "segment": [2], "depth": "20.00", "width": "66.00", "has_trial": true, "seat_height": null, "bed_size": "", "store": 11, "category": [9], "material": [13], "description": "John Keal for Brown Saltman Mahogany Sideboard\r\nTwo cabinets, with two shelves, four drawers, not shown in photos all the way on it\u2019s bottom there\u2019s a\r\nlong cabinet that would hold the table\u2019s leaves.\r\nCondition, fair/good. Great bones, would need to be refinished to really bring out it\u2019s beauty.", "short_name": "Brown Saltman Sideboard", "color_description": "", "added_date": "2014-12-31T03:39:54.272Z", "units": 1, "lat": 37.799833, "pub_date": "2014-12-31T03:28:48Z", "care": null, "return_policy": null, "is_published": true}, "model": "goods.product", "pk": 76}, {"fields": {"original_price": "725.00", "is_featured": false, "subcategory": [45], "weight": null, "diameter": null, "color": [20], "furnituretype": [5, 1], "height": "19.00", "is_sold": false, "current_price": "725.00", "lng": -122.4189111, "value_tier": null, "manufacturer": null, "sku": null, "style": [], "segment": [1], "depth": "20.00", "width": "20.00", "has_trial": false, "seat_height": null, "bed_size": "", "store": 13, "category": [3], "material": [5], "description": "Made with navy Irish linen, this item has a beautiful goldenrod applique and magenta trim. Adds style to most any living room.", "short_name": "Maya Ottoman", "color_description": "", "added_date": "2014-12-31T03:43:36.834Z", "units": 1, "lat": 37.7867648, "pub_date": "2014-12-31T03:43:03Z", "care": null, "return_policy": null, "is_published": true}, "model": "goods.product", "pk": 77}, {"fields": {"original_price": "575.00", "is_featured": false, "subcategory": [41], "weight": null, "diameter": "16.00", "color": [1], "furnituretype": [2], "height": "31.00", "is_sold": false, "current_price": "575.00", "lng": -122.4189111, "value_tier": null, "manufacturer": null, "sku": null, "style": [], "segment": [1], "depth": null, "width": null, "has_trial": false, "seat_height": null, "bed_size": "", "store": 13, "category": [3], "material": [13], "description": "These occasional tables, designed by Ayush Kasliwal, in hand-turned ebonized Beech wood or Teak, combine traditional ornamented furniture elements, deconstructs them, and recombines them in a contemporary form.", "short_name": "AKMD Annabelle Table", "color_description": "", "added_date": "2014-12-31T03:47:06.264Z", "units": 1, "lat": 37.7867648, "pub_date": "2014-12-31T03:46:39Z", "care": null, "return_policy": null, "is_published": true}, "model": "goods.product", "pk": 80}, {"fields": {"original_price": "7200.00", "is_featured": false, "subcategory": [69], "weight": null, "diameter": null, "color": [5], "furnituretype": [6], "height": "19.00", "is_sold": false, "current_price": "7200.00", "lng": -122.4189111, "value_tier": null, "manufacturer": null, "sku": null, "style": [], "segment": [1], "depth": "25.00", "width": "48.00", "has_trial": true, "seat_height": null, "bed_size": "", "store": 13, "category": [9], "material": [13], "description": "One-of-a-Kind white washed wood chest by John Dickinson, circa 1970", "short_name": "White Washed Wood Chest", "color_description": "", "added_date": "2014-12-31T03:52:53.636Z", "units": 1, "lat": 37.7867648, "pub_date": "2014-12-31T03:48:32Z", "care": null, "return_policy": null, "is_published": true}, "model": "goods.product", "pk": 81}, {"fields": {"original_price": "985.00", "is_featured": false, "subcategory": [58], "weight": null, "diameter": null, "color": [23], "furnituretype": [1], "height": "32.00", "is_sold": false, "current_price": "985.00", "lng": -122.4189111, "value_tier": null, "manufacturer": null, "sku": null, "style": [], "segment": [1], "depth": "24.00", "width": "24.00", "has_trial": false, "seat_height": null, "bed_size": "", "store": 13, "category": [3], "material": [30], "description": "Angular, repurposed steel stacking chairs by artist Doug Meyer", "short_name": "Doug Meyer Stacking Chair", "color_description": "", "added_date": "2014-12-31T03:53:59.215Z", "units": 1, "lat": 37.7867648, "pub_date": "2014-12-31T03:53:35Z", "care": null, "return_policy": null, "is_published": true}, "model": "goods.product", "pk": 82}, {"fields": {"original_price": "2265.00", "is_featured": false, "subcategory": [45], "weight": null, "diameter": null, "color": [8], "furnituretype": [5, 1], "height": "16.00", "is_sold": false, "current_price": "2265.00", "lng": -122.4189111, "value_tier": null, "manufacturer": null, "sku": null, "style": [], "segment": [1], "depth": "16.00", "width": "24.00", "has_trial": true, "seat_height": null, "bed_size": "", "store": 13, "category": [3], "material": [5], "description": "Custom ottoman designed by Jeffers Design Group with indigo linen fabric & viscose/silk embroidered geometric trim detail.", "short_name": "Westley Ottoman", "color_description": "", "added_date": "2014-12-31T04:04:23.661Z", "units": 1, "lat": 37.7867648, "pub_date": "2014-12-31T04:03:42Z", "care": null, "return_policy": null, "is_published": true}, "model": "goods.product", "pk": 83}, {"fields": {"original_price": "595.00", "is_featured": false, "subcategory": [41], "weight": null, "diameter": null, "color": [5], "furnituretype": [2], "height": "28.00", "is_sold": false, "current_price": "595.00", "lng": -122.4189111, "value_tier": null, "manufacturer": null, "sku": null, "style": [], "segment": [1], "depth": "20.00", "width": "20.00", "has_trial": false, "seat_height": null, "bed_size": "", "store": 13, "category": [3], "material": [], "description": "Vintage painted metal side table", "short_name": "Painted Metal Table", "color_description": "", "added_date": "2014-12-31T04:05:27.786Z", "units": 1, "lat": 37.7867648, "pub_date": "2014-12-31T04:04:55Z", "care": null, "return_policy": null, "is_published": true}, "model": "goods.product", "pk": 84}, {"fields": {"original_price": "850.00", "is_featured": false, "subcategory": [62], "weight": null, "diameter": null, "color": [24], "furnituretype": [5], "height": "13.00", "is_sold": false, "current_price": "850.00", "lng": -122.4189111, "value_tier": null, "manufacturer": null, "sku": null, "style": [], "segment": [1], "depth": "6.00", "width": "8.00", "has_trial": false, "seat_height": null, "bed_size": "", "store": 13, "category": [9], "material": [31], "description": "", "short_name": "Terra Cotta Torso", "color_description": "", "added_date": "2014-12-31T04:06:42.491Z", "units": 1, "lat": 37.7867648, "pub_date": "2014-12-31T04:05:49Z", "care": null, "return_policy": null, "is_published": true}, "model": "goods.product", "pk": 85}, {"fields": {"original_price": "975.00", "is_featured": false, "subcategory": [61], "weight": null, "diameter": null, "color": [19], "furnituretype": [5], "height": "5.00", "is_sold": false, "current_price": "975.00", "lng": -122.4189111, "value_tier": null, "manufacturer": null, "sku": null, "style": [], "segment": [1], "depth": "30.00", "width": "12.00", "has_trial": false, "seat_height": null, "bed_size": "", "store": 13, "category": [8], "material": [15], "description": "Vintage brass cow skull with horns. Versatile as either wall or table decor.", "short_name": "Brass Cow Skull", "color_description": "", "added_date": "2014-12-31T04:08:17.257Z", "units": 1, "lat": 37.7867648, "pub_date": "2014-12-31T04:07:40Z", "care": null, "return_policy": null, "is_published": true}, "model": "goods.product", "pk": 86}, {"fields": {"original_price": "4400.00", "is_featured": false, "subcategory": [44], "weight": null, "diameter": null, "color": [19, 5], "furnituretype": [3], "height": "31.00", "is_sold": false, "current_price": "4400.00", "lng": -122.4189111, "value_tier": null, "manufacturer": null, "sku": null, "style": [], "segment": [1], "depth": "4.00", "width": "6.00", "has_trial": true, "seat_height": null, "bed_size": "", "store": 13, "category": [7], "material": [], "description": "A robust study of material that evokes the grace and strength of its equine contributor. Wefts of horsehair are combined with brass and etched glass, implying a structural weight bearing function for the coarse hair.\r\n\r\nLamping: 2 Type A T10 bulbs. Max 60W each. 25W bulbs included. Customization available. All pieces made to order.", "short_name": "Horsehair Sconce", "color_description": "", "added_date": "2014-12-31T04:09:34.865Z", "units": 1, "lat": 37.7867648, "pub_date": "2014-12-31T04:08:45Z", "care": null, "return_policy": null, "is_published": true}, "model": "goods.product", "pk": 87}, {"fields": {"original_price": "1295.00", "is_featured": false, "subcategory": [65], "weight": null, "diameter": null, "color": [1], "furnituretype": [3], "height": null, "is_sold": false, "current_price": "1295.00", "lng": -122.4189111, "value_tier": null, "manufacturer": null, "sku": null, "style": [], "segment": [1], "depth": null, "width": null, "has_trial": true, "seat_height": null, "bed_size": "", "store": 13, "category": [7], "material": [10], "description": "Black glaze lamp with harness detail ", "short_name": " \"Double Crossed\" Lamp", "color_description": "", "added_date": "2014-12-31T04:11:02.049Z", "units": 1, "lat": 37.7867648, "pub_date": "2014-12-31T04:10:07Z", "care": null, "return_policy": null, "is_published": true}, "model": "goods.product", "pk": 88}, {"fields": {"original_price": "1150.00", "is_featured": false, "subcategory": [44], "weight": null, "diameter": null, "color": [1, 5], "furnituretype": [3], "height": "25.00", "is_sold": false, "current_price": "1150.00", "lng": -122.4189111, "value_tier": null, "manufacturer": null, "sku": null, "style": [], "segment": [1], "depth": "6.00", "width": "4.00", "has_trial": true, "seat_height": null, "bed_size": "", "store": 13, "category": [7], "material": [15, 10], "description": "Drawing on trigonometric principles, these fixtures are a study in repeating triangular and conical shapes. Solid brass, or with hand cast porcelain cones that emit a delicate glow.\r\n\r\nShown in Blackened Brass with Aged Brass connection joints and Porcelain cone shades. Made to order.\r\n", "short_name": "Dyad Sconce", "color_description": "", "added_date": "2014-12-31T04:12:50.713Z", "units": 1, "lat": 37.7867648, "pub_date": "2014-12-31T04:12:04Z", "care": null, "return_policy": null, "is_published": true}, "model": "goods.product", "pk": 89}, {"fields": {"original_price": "450.00", "is_featured": true, "subcategory": [62], "weight": null, "diameter": null, "color": [1, 5], "furnituretype": [5], "height": "18.00", "is_sold": false, "current_price": "450.00", "lng": -122.4189111, "value_tier": null, "manufacturer": null, "sku": null, "style": [], "segment": [1], "depth": "3.00", "width": "18.00", "has_trial": false, "seat_height": null, "bed_size": "", "store": 13, "category": [8], "material": [], "description": "", "short_name": "\"Mustache 4\" Framed Print", "color_description": "", "added_date": "2014-12-31T04:13:51.420Z", "units": 1, "lat": 37.7867648, "pub_date": "2014-12-31T04:13:27Z", "care": null, "return_policy": null, "is_published": true}, "model": "goods.product", "pk": 90}, {"fields": {"original_price": "280.00", "is_featured": false, "subcategory": [43], "weight": null, "diameter": null, "color": [9], "furnituretype": [5], "height": "18.00", "is_sold": false, "current_price": "280.00", "lng": -122.4189111, "value_tier": null, "manufacturer": null, "sku": null, "style": [], "segment": [1], "depth": null, "width": "18.00", "has_trial": false, "seat_height": null, "bed_size": "", "store": 13, "category": [8], "material": [], "description": "Striking like sunset in the Arizona desert. Each piece is dyed, painted, and printed by hand. This is art that you can interact with, objects that function while bringing style and warmth into any room. Proudly made in Los Angeles by Rule of Three.", "short_name": "\"Red Desert\" Pillows", "color_description": "", "added_date": "2014-12-31T04:15:20.578Z", "units": 1, "lat": 37.7867648, "pub_date": "2014-12-31T04:14:55Z", "care": null, "return_policy": null, "is_published": true}, "model": "goods.product", "pk": 91}, {"fields": {"original_price": "125.00", "is_featured": false, "subcategory": [62], "weight": null, "diameter": null, "color": [14], "furnituretype": [5], "height": "8.00", "is_sold": false, "current_price": "125.00", "lng": -122.4189111, "value_tier": null, "manufacturer": null, "sku": null, "style": [], "segment": [1], "depth": "1.00", "width": "7.00", "has_trial": false, "seat_height": null, "bed_size": "", "store": 13, "category": [8], "material": [2], "description": "Picture frame from Alexandra Von Furstenberg, the queen of acrylic decor. Place your photo between the two sheets of acrylic and then snap them together. What a snap to use!", "short_name": "AVF Acrylic Snap Frame", "color_description": "", "added_date": "2014-12-31T04:16:45.717Z", "units": 1, "lat": 37.7867648, "pub_date": "2014-12-31T04:15:50Z", "care": null, "return_policy": null, "is_published": true}, "model": "goods.product", "pk": 92}, {"fields": {"original_price": "185.00", "is_featured": false, "subcategory": [62], "weight": null, "diameter": "8.00", "color": [3], "furnituretype": [5], "height": "4.00", "is_sold": false, "current_price": "185.00", "lng": -122.4189111, "value_tier": null, "manufacturer": null, "sku": null, "style": [], "segment": [1], "depth": null, "width": null, "has_trial": false, "seat_height": null, "bed_size": "", "store": 13, "category": [8], "material": [22], "description": "Vintage, clear, round cluster vase made from an assemblage of smaller bottles", "short_name": "Round Glass Cluster Vase", "color_description": "", "added_date": "2014-12-31T04:18:00.848Z", "units": 1, "lat": 37.7867648, "pub_date": "2014-12-31T04:17:28Z", "care": null, "return_policy": null, "is_published": true}, "model": "goods.product", "pk": 93}, {"fields": {"original_price": "3201.00", "is_featured": false, "subcategory": [55], "weight": null, "diameter": null, "color": [2], "furnituretype": [7], "height": "58.00", "is_sold": false, "current_price": "3201.00", "lng": -122.4215952, "value_tier": null, "manufacturer": null, "sku": null, "style": [], "segment": [1], "depth": "93.00", "width": "81.00", "has_trial": true, "seat_height": null, "bed_size": "Queen", "store": 14, "category": [5], "material": [13], "description": "A beautifully hand-crafted queen bed build from sustainably harvested and reclaimed woods, so every piece is one of a kind. Bring character to your bedroom, using this piece as a natural focal point. ", "short_name": "Devon Hand Crafted Bed", "color_description": "", "added_date": "2014-12-31T04:20:14.084Z", "units": 1, "lat": 37.7586617, "pub_date": "2014-12-31T04:19:41Z", "care": null, "return_policy": null, "is_published": true}, "model": "goods.product", "pk": 94}, {"fields": {"original_price": "785.00", "is_featured": false, "subcategory": [41], "weight": null, "diameter": null, "color": [2], "furnituretype": [2], "height": "16.00", "is_sold": false, "current_price": "785.00", "lng": -122.4215952, "value_tier": null, "manufacturer": null, "sku": null, "style": [], "segment": [1], "depth": "28.00", "width": "28.00", "has_trial": false, "seat_height": null, "bed_size": "", "store": 14, "category": [3], "material": [13], "description": "This hand-crafted piece was built from exotic demolition hardwoods. It features a patchwork surface, balancing urban aesthetic with sustainable design. You can't get cooler than that.", "short_name": "Landon Coffee Table", "color_description": "", "added_date": "2014-12-31T04:21:04.465Z", "units": 1, "lat": 37.7586617, "pub_date": "2014-12-31T04:20:41Z", "care": null, "return_policy": null, "is_published": true}, "model": "goods.product", "pk": 95}, {"fields": {"original_price": "955.00", "is_featured": false, "subcategory": [58], "weight": null, "diameter": null, "color": [25], "furnituretype": [1], "height": "36.00", "is_sold": false, "current_price": "955.00", "lng": -122.4215952, "value_tier": null, "manufacturer": null, "sku": null, "style": [], "segment": [1], "depth": "37.00", "width": "32.00", "has_trial": false, "seat_height": null, "bed_size": "", "store": 14, "category": [3], "material": [6], "description": "This is an update on midcentury modern, with tailored box cushions and slim, tapered legs... and if you haven't gotten the memo yet, midcentury modern is so in.", "short_name": "Ranier Chair", "color_description": "", "added_date": "2014-12-31T04:21:52.126Z", "units": 1, "lat": 37.7586617, "pub_date": "2014-12-31T04:21:30Z", "care": null, "return_policy": null, "is_published": true}, "model": "goods.product", "pk": 96}, {"fields": {"original_price": "876.00", "is_featured": false, "subcategory": [41], "weight": null, "diameter": null, "color": [25], "furnituretype": [2], "height": "17.00", "is_sold": false, "current_price": "876.00", "lng": -122.4215952, "value_tier": null, "manufacturer": null, "sku": null, "style": [], "segment": [1], "depth": "28.00", "width": "9.00", "has_trial": false, "seat_height": null, "bed_size": "", "store": 14, "category": [3], "material": [30], "description": "A beautiful mix of iron and steel that features an antique nickel finish. ", "short_name": "Element Coffee Table", "color_description": "", "added_date": "2014-12-31T04:22:52.369Z", "units": 1, "lat": 37.7586617, "pub_date": "2014-12-31T04:22:21Z", "care": null, "return_policy": null, "is_published": false}, "model": "goods.product", "pk": 97}, {"fields": {"original_price": "1195.00", "is_featured": false, "subcategory": [58], "weight": null, "diameter": null, "color": [25], "furnituretype": [1], "height": "35.00", "is_sold": false, "current_price": "1195.00", "lng": -122.4215952, "value_tier": null, "manufacturer": null, "sku": null, "style": [], "segment": [1], "depth": "32.00", "width": "30.00", "has_trial": true, "seat_height": null, "bed_size": "", "store": 14, "category": [3], "material": [6], "description": "With its rounded high back and swiveling base, have you ever seen anything so smooth? Only a limited amount in stock.", "short_name": "Grazia Glider Chair", "color_description": "", "added_date": "2014-12-31T04:24:02.253Z", "units": 1, "lat": 37.7586617, "pub_date": "2014-12-31T04:23:17Z", "care": null, "return_policy": null, "is_published": true}, "model": "goods.product", "pk": 98}, {"fields": {"original_price": "1380.00", "is_featured": false, "subcategory": [41], "weight": null, "diameter": null, "color": [2], "furnituretype": [2], "height": "18.00", "is_sold": false, "current_price": "1380.00", "lng": -122.4215952, "value_tier": null, "manufacturer": null, "sku": null, "style": [], "segment": [1], "depth": "27.00", "width": "24.00", "has_trial": true, "seat_height": null, "bed_size": "", "store": 14, "category": [3], "material": [13], "description": "Built from reclaimed pine and accented with a cool blue tone, this is definitely not run of the mill.", "short_name": "End Grain Coffee Table", "color_description": "", "added_date": "2014-12-31T04:27:36.506Z", "units": 1, "lat": 37.7586617, "pub_date": "2014-12-31T04:26:46Z", "care": null, "return_policy": null, "is_published": true}, "model": "goods.product", "pk": 100}, {"fields": {"original_price": "2425.00", "is_featured": false, "subcategory": [55], "weight": null, "diameter": null, "color": [20], "furnituretype": [7], "height": null, "is_sold": false, "current_price": "2425.00", "lng": -122.4215952, "value_tier": null, "manufacturer": null, "sku": null, "style": [], "segment": [1], "depth": null, "width": null, "has_trial": true, "seat_height": null, "bed_size": "Q, K, CA K", "store": 14, "category": [5], "material": [7], "description": "Sleep in style in this Art Deco inspired bed. Sleek, linear design married with modern upholstery details makes this a perfect piece for any contemporary bedroom.", "short_name": "Cleo Bed", "color_description": "", "added_date": "2014-12-31T04:28:19.517Z", "units": 1, "lat": 37.7586617, "pub_date": "2014-12-31T04:27:59Z", "care": null, "return_policy": null, "is_published": true}, "model": "goods.product", "pk": 101}, {"fields": {"original_price": "1195.00", "is_featured": false, "subcategory": [55], "weight": null, "diameter": null, "color": [25], "furnituretype": [7], "height": null, "is_sold": false, "current_price": "1195.00", "lng": -122.4215952, "value_tier": null, "manufacturer": null, "sku": null, "style": [], "segment": [1], "depth": null, "width": null, "has_trial": true, "seat_height": null, "bed_size": "T, F", "store": 14, "category": [5], "material": [6], "description": "Simple yet sophisticated, this full trundle bed will bring a modern aesthetic and distinct style to your bedroom.", "short_name": "Dorma Bed", "color_description": "", "added_date": "2014-12-31T04:28:58.183Z", "units": 1, "lat": 37.7586617, "pub_date": "2014-12-31T04:28:42Z", "care": null, "return_policy": null, "is_published": true}, "model": "goods.product", "pk": 102}, {"fields": {"original_price": "255.00", "is_featured": false, "subcategory": [50], "weight": null, "diameter": null, "color": [26], "furnituretype": [9], "height": "13.00", "is_sold": false, "current_price": "255.00", "lng": -122.4215952, "value_tier": null, "manufacturer": null, "sku": null, "style": [], "segment": [1], "depth": "9.00", "width": "25.00", "has_trial": false, "seat_height": null, "bed_size": "", "store": 14, "category": [8], "material": [], "description": "Made from vintage textile spools, this wine rack's definitely a showstopper.", "short_name": "Spool Wine Rack", "color_description": "", "added_date": "2014-12-31T04:29:54.189Z", "units": 1, "lat": 37.7586617, "pub_date": "2014-12-31T04:29:26Z", "care": null, "return_policy": null, "is_published": true}, "model": "goods.product", "pk": 103}, {"fields": {"original_price": "2120.00", "is_featured": false, "subcategory": [55], "weight": null, "diameter": null, "color": [8], "furnituretype": [7], "height": null, "is_sold": false, "current_price": "2120.00", "lng": -122.4215952, "value_tier": null, "manufacturer": null, "sku": null, "style": [], "segment": [1], "depth": null, "width": null, "has_trial": true, "seat_height": null, "bed_size": "queen", "store": 14, "category": [5], "material": [6], "description": "The Bihar reminds us of our travels to India, the beautiful colors and hand block printed fabrics. However, these headboards are handmade by craftman in the USA. But, they'll still inspire you to dream about your future travels.", "short_name": "Bihar Queen Bed", "color_description": "", "added_date": "2014-12-31T04:30:35.548Z", "units": 1, "lat": 37.7586617, "pub_date": "2014-12-31T04:30:17Z", "care": null, "return_policy": null, "is_published": true}, "model": "goods.product", "pk": 104}, {"fields": {"original_price": "680.00", "is_featured": false, "subcategory": [58], "weight": null, "diameter": null, "color": [17], "furnituretype": [1], "height": "40.25", "is_sold": false, "current_price": "680.00", "lng": -122.4215952, "value_tier": null, "manufacturer": null, "sku": null, "style": [], "segment": [1], "depth": "23.50", "width": "28.00", "has_trial": false, "seat_height": null, "bed_size": "", "store": 14, "category": [3], "material": [33], "description": "Inspired by a european design from the 1960's, this handwoven chair is rustic yet chic. (We promise that you wouldn't have to put it in an all wood room).", "short_name": "Anders Chair", "color_description": "", "added_date": "2014-12-31T04:31:32.593Z", "units": 1, "lat": 37.7586617, "pub_date": "2014-12-31T04:30:58Z", "care": null, "return_policy": null, "is_published": true}, "model": "goods.product", "pk": 105}, {"fields": {"original_price": "412.00", "is_featured": false, "subcategory": [41], "weight": null, "diameter": "11.50", "color": [2], "furnituretype": [2], "height": "18.25", "is_sold": false, "current_price": "412.00", "lng": -122.4215952, "value_tier": null, "manufacturer": null, "sku": null, "style": [], "segment": [1], "depth": null, "width": null, "has_trial": false, "seat_height": null, "bed_size": "", "store": 14, "category": [3], "material": [13], "description": "Don't be square. This handsome hexagon-shaped table is made from a solid chunk of mango wood. The top is covered in antique brass foil to create a subtle contrast in color and texture.", "short_name": "Brassclad Hexagon Table", "color_description": "", "added_date": "2014-12-31T04:33:11.738Z", "units": 1, "lat": 37.7586617, "pub_date": "2014-12-31T04:32:11Z", "care": null, "return_policy": null, "is_published": true}, "model": "goods.product", "pk": 106}, {"fields": {"original_price": "1310.00", "is_featured": true, "subcategory": [58], "weight": null, "diameter": null, "color": [25, 26], "furnituretype": [1], "height": "43.00", "is_sold": false, "current_price": "1310.00", "lng": -122.4215952, "value_tier": null, "manufacturer": null, "sku": null, "style": [], "segment": [1], "depth": "34.00", "width": "28.00", "has_trial": true, "seat_height": null, "bed_size": "", "store": 14, "category": [3], "material": [6], "description": "Standard design with a splash of personality. Now, just cue up a rerun of ER for the full Clooney experience.", "short_name": "Clooney Chair", "color_description": "", "added_date": "2014-12-31T04:33:57.589Z", "units": 1, "lat": 37.7586617, "pub_date": "2014-12-31T04:33:37Z", "care": null, "return_policy": null, "is_published": true}, "model": "goods.product", "pk": 107}, {"fields": {"original_price": "1660.00", "is_featured": false, "subcategory": [67], "weight": null, "diameter": null, "color": [2], "furnituretype": [6], "height": "86.00", "is_sold": false, "current_price": "1660.00", "lng": -122.4215952, "value_tier": null, "manufacturer": null, "sku": null, "style": [], "segment": [1], "depth": "16.00", "width": "25.00", "has_trial": true, "seat_height": null, "bed_size": "", "store": 14, "category": [9], "material": [13], "description": "A perfect antique style linen cabinet made with reclaimed wood and iron. Great for creating an old rustic charm into your home decor.", "short_name": "Ellington Louvre Cabinet", "color_description": "", "added_date": "2014-12-31T04:38:41.011Z", "units": 1, "lat": 37.7586617, "pub_date": "2014-12-31T04:35:28Z", "care": null, "return_policy": null, "is_published": true}, "model": "goods.product", "pk": 108}, {"fields": {"original_price": "1234.00", "is_featured": false, "subcategory": [72], "weight": null, "diameter": null, "color": [2], "furnituretype": [6], "height": "62.50", "is_sold": false, "current_price": "1234.00", "lng": -122.4215952, "value_tier": null, "manufacturer": null, "sku": null, "style": [], "segment": [1], "depth": "16.00", "width": "36.50", "has_trial": true, "seat_height": null, "bed_size": "", "store": 14, "category": [9], "material": [13], "description": "Combines modern functionality with woods reclaimed from former buildings. (oh, If that wood could talk, we wonder what stories it would tell). Anyway can't you just picture this in a designer loft in Brooklyn?", "short_name": "Hughes Baker Bookcase", "color_description": "", "added_date": "2014-12-31T04:40:18.516Z", "units": 1, "lat": 37.7586617, "pub_date": "2014-12-31T04:39:16Z", "care": null, "return_policy": null, "is_published": true}, "model": "goods.product", "pk": 109}, {"fields": {"original_price": "300.00", "is_featured": false, "subcategory": [44], "weight": null, "diameter": null, "color": [14], "furnituretype": [3], "height": "44.00", "is_sold": false, "current_price": "300.00", "lng": -122.4215952, "value_tier": null, "manufacturer": null, "sku": null, "style": [], "segment": [1], "depth": "3.00", "width": "8.00", "has_trial": false, "seat_height": null, "bed_size": "", "store": 14, "category": [7], "material": [], "description": "Artist Dana Hemenway takes macrame to a whole new level with these limited edition woven extension cord lights. These unique pieces are visually playful. They add a pop to any room.\r\n\r\nAvailable in custom colors and lengths. These are made to order.", "short_name": "Macrame Hanging Light", "color_description": "", "added_date": "2014-12-31T04:41:43.688Z", "units": 1, "lat": 37.7586617, "pub_date": "2014-12-31T04:41:00Z", "care": null, "return_policy": null, "is_published": true}, "model": "goods.product", "pk": 110}, {"fields": {"original_price": "2416.00", "is_featured": false, "subcategory": [44], "weight": null, "diameter": "22.00", "color": [27], "furnituretype": [3], "height": "46.00", "is_sold": false, "current_price": "2416.00", "lng": -122.4215952, "value_tier": null, "manufacturer": null, "sku": null, "style": [], "segment": [1], "depth": null, "width": null, "has_trial": true, "seat_height": null, "bed_size": "", "store": 14, "category": [7], "material": [34], "description": "If you're looking for a traditional yet unique statement piece, search no more. This beaded chandelier features impressive metalwork design in its intricate cascades of iron chains. You're so classy.", "short_name": "Maxim Waterfall Chandelier", "color_description": "", "added_date": "2014-12-31T04:47:04.053Z", "units": 1, "lat": 37.7586617, "pub_date": "2014-12-31T04:46:17Z", "care": null, "return_policy": null, "is_published": true}, "model": "goods.product", "pk": 111}, {"fields": {"original_price": "1960.00", "is_featured": false, "subcategory": [44], "weight": null, "diameter": null, "color": [2, 7], "furnituretype": [3], "height": "38.00", "is_sold": false, "current_price": "1960.00", "lng": -122.4215952, "value_tier": null, "manufacturer": null, "sku": null, "style": [], "segment": [1], "depth": null, "width": "30.00", "has_trial": true, "seat_height": null, "bed_size": "", "store": 14, "category": [7], "material": [], "description": "Whimsical and oh so fantastical. This is what fairy tales are made of... or maybe what eco-friendly homes are made of. Regardless, remember it is okay to have a few daring pieces. It's all about how you put it together.", "short_name": "Enchanted Garden Chandelier", "color_description": "", "added_date": "2014-12-31T04:47:57.301Z", "units": 1, "lat": 37.7586617, "pub_date": "2014-12-31T04:47:25Z", "care": null, "return_policy": null, "is_published": true}, "model": "goods.product", "pk": 112}, {"fields": {"original_price": "895.00", "is_featured": false, "subcategory": [65], "weight": null, "diameter": null, "color": [1, 10], "furnituretype": [3], "height": "31.75", "is_sold": false, "current_price": "895.00", "lng": -122.4215952, "value_tier": null, "manufacturer": null, "sku": null, "style": [], "segment": [1], "depth": "10.00", "width": "14.00", "has_trial": false, "seat_height": null, "bed_size": "", "store": 14, "category": [7], "material": [15], "description": "Add an edge to your minimalistic aesthetic. Note: no animal was harmed in the making of this lamp. ", "short_name": "Bull Table lamp", "color_description": "", "added_date": "2014-12-31T04:52:01.949Z", "units": 1, "lat": 37.7586617, "pub_date": "2014-12-31T04:49:52Z", "care": null, "return_policy": null, "is_published": true}, "model": "goods.product", "pk": 113}, {"fields": {"original_price": "412.00", "is_featured": false, "subcategory": [44], "weight": null, "diameter": "16.50", "color": [5], "furnituretype": [3], "height": null, "is_sold": false, "current_price": "412.00", "lng": -122.4215952, "value_tier": null, "manufacturer": null, "sku": null, "style": [], "segment": [1], "depth": null, "width": null, "has_trial": false, "seat_height": null, "bed_size": "", "store": 14, "category": [7], "material": [26], "description": "Individual hand-cut capiz shells are edged in silver metal and assembled like a stained-glass window to create these blooming lotus chandeliers. \r\n\r\nIf you're interested in the small diameter (13\") or large (21\"), please contact us. ", "short_name": "Lotus Flower Chandelier", "color_description": "", "added_date": "2014-12-31T04:53:37.857Z", "units": 1, "lat": 37.7586617, "pub_date": "2014-12-31T04:52:57Z", "care": null, "return_policy": null, "is_published": true}, "model": "goods.product", "pk": 114}, {"fields": {"original_price": "2650.00", "is_featured": false, "subcategory": [55], "weight": null, "diameter": null, "color": [11], "furnituretype": [7], "height": null, "is_sold": false, "current_price": "1960.00", "lng": -122.4215952, "value_tier": null, "manufacturer": null, "sku": null, "style": [], "segment": [1], "depth": null, "width": null, "has_trial": true, "seat_height": null, "bed_size": "", "store": 14, "category": [5], "material": [6], "description": "Inspired by the colors of India, but handmade in the USA. This headboard has the rhythmic shapes and hand block printed fabrics that will keep you dreaming of far away lands.\r\n\r\n\r\nheadboard: 18\"'d x 41\"w x 70\"h, side rails: 9\"d x 76\"w x 39.25\"h", "short_name": "Kerala Twin Headboard", "color_description": "", "added_date": "2014-12-31T04:55:31.070Z", "units": 1, "lat": 37.7586617, "pub_date": "2014-12-31T04:54:54Z", "care": null, "return_policy": null, "is_published": true}, "model": "goods.product", "pk": 115}, {"fields": {"original_price": "3238.00", "is_featured": false, "subcategory": [49], "weight": null, "diameter": null, "color": [25], "furnituretype": [1], "height": "44.00", "is_sold": false, "current_price": "3238.00", "lng": -122.4215952, "value_tier": null, "manufacturer": null, "sku": null, "style": [], "segment": [1], "depth": "33.00", "width": "57.00", "has_trial": true, "seat_height": null, "bed_size": "", "store": 14, "category": [3], "material": [6], "description": "Classic comfort. This winged loveseat has gently curving arms, which give it an elegant sensability.", "short_name": "St Barts LoveSeat", "color_description": "", "added_date": "2014-12-31T04:57:47.198Z", "units": 1, "lat": 37.7586617, "pub_date": "2014-12-31T04:57:25Z", "care": null, "return_policy": null, "is_published": true}, "model": "goods.product", "pk": 117}, {"fields": {"original_price": "98.00", "is_featured": true, "subcategory": [50], "weight": null, "diameter": null, "color": [19], "furnituretype": [9], "height": "6.00", "is_sold": false, "current_price": "98.00", "lng": -122.4215952, "value_tier": null, "manufacturer": null, "sku": null, "style": [], "segment": [1], "depth": "1.50", "width": "3.50", "has_trial": false, "seat_height": null, "bed_size": "", "store": 14, "category": [8], "material": [15], "description": "Pop a cork with this slyly patriotic Uncle Sam Corkscrew. With a bottle opener at the base and a hand-pulled corkscrew under the barrel. You sly dog, you.", "short_name": "Brass Uncle Sam Corkscrew", "color_description": "", "added_date": "2014-12-31T04:59:12.775Z", "units": 1, "lat": 37.7586617, "pub_date": "2014-12-31T04:58:05Z", "care": null, "return_policy": null, "is_published": true}, "model": "goods.product", "pk": 118}, {"fields": {"original_price": "920.00", "is_featured": false, "subcategory": [70], "weight": null, "diameter": null, "color": [7], "furnituretype": [5], "height": null, "is_sold": false, "current_price": "920.00", "lng": -122.4215952, "value_tier": null, "manufacturer": null, "sku": null, "style": [], "segment": [1], "depth": null, "width": null, "has_trial": false, "seat_height": null, "bed_size": "", "store": 14, "category": [8], "material": [35], "description": "Simple and striking, just like a peacock. This rug has a contemporary flair. It's 100% hand tufted and dyed wool. What else could you ask for?", "short_name": "Kerala Rug", "color_description": "", "added_date": "2014-12-31T05:00:36.515Z", "units": 1, "lat": 37.7586617, "pub_date": "2014-12-31T04:59:38Z", "care": null, "return_policy": null, "is_published": true}, "model": "goods.product", "pk": 119}, {"fields": {"original_price": "325.00", "is_featured": false, "subcategory": [69], "weight": null, "diameter": null, "color": [28], "furnituretype": [5, 6], "height": null, "is_sold": false, "current_price": "325.00", "lng": -122.4215552, "value_tier": null, "manufacturer": null, "sku": null, "style": [], "segment": [2], "depth": null, "width": null, "has_trial": false, "seat_height": null, "bed_size": "", "store": 15, "category": [8], "material": [20], "description": "", "short_name": "Aluminum Trunk", "color_description": "", "added_date": "2014-12-31T05:11:20.198Z", "units": 1, "lat": 37.7634856, "pub_date": "2014-12-31T05:06:49Z", "care": null, "return_policy": null, "is_published": true}, "model": "goods.product", "pk": 120}, {"fields": {"original_price": "800.00", "is_featured": false, "subcategory": [67], "weight": null, "diameter": null, "color": [5], "furnituretype": [6], "height": null, "is_sold": false, "current_price": "500.00", "lng": -122.4215552, "value_tier": null, "manufacturer": null, "sku": null, "style": [], "segment": [2], "depth": null, "width": null, "has_trial": false, "seat_height": null, "bed_size": "", "store": 15, "category": [6], "material": [30], "description": "", "short_name": "Steelcase Cabinet", "color_description": "", "added_date": "2014-12-31T05:15:20.692Z", "units": 1, "lat": 37.7634856, "pub_date": "2014-12-31T05:14:01Z", "care": null, "return_policy": null, "is_published": true}, "model": "goods.product", "pk": 121}, {"fields": {"original_price": "1600.00", "is_featured": false, "subcategory": [58], "weight": null, "diameter": null, "color": [4], "furnituretype": [1], "height": null, "is_sold": false, "current_price": "1600.00", "lng": -122.4215552, "value_tier": null, "manufacturer": null, "sku": null, "style": [], "segment": [2], "depth": null, "width": null, "has_trial": true, "seat_height": null, "bed_size": "", "store": 15, "category": [3], "material": [30], "description": "", "short_name": "Bertoia Chairs", "color_description": "", "added_date": "2014-12-31T05:16:20.522Z", "units": 1, "lat": 37.7634856, "pub_date": "2014-12-31T05:15:53Z", "care": null, "return_policy": null, "is_published": true}, "model": "goods.product", "pk": 122}, {"fields": {"original_price": "0.00", "is_featured": false, "subcategory": [66], "weight": null, "diameter": null, "color": [1], "furnituretype": [3], "height": "24.00", "is_sold": false, "current_price": "0.00", "lng": -122.399477, "value_tier": null, "manufacturer": null, "sku": null, "style": [], "segment": [2], "depth": null, "width": "13.00", "has_trial": false, "seat_height": null, "bed_size": "", "store": 16, "category": [7], "material": [], "description": "", "short_name": "Coil Lamp with Lion Feet", "color_description": "", "added_date": "2015-01-04T00:55:21.079Z", "units": 1, "lat": 37.765331, "pub_date": "2015-01-04T00:51:40Z", "care": null, "return_policy": null, "is_published": true}, "model": "goods.product", "pk": 125}, {"fields": {"original_price": "0.00", "is_featured": false, "subcategory": [58], "weight": null, "diameter": null, "color": [2], "furnituretype": [1], "height": "43.00", "is_sold": true, "current_price": "0.00", "lng": -122.399477, "value_tier": null, "manufacturer": null, "sku": null, "style": [], "segment": [2], "depth": "30.00", "width": "33.50", "has_trial": false, "seat_height": null, "bed_size": "", "store": 16, "category": [3], "material": [1], "description": "", "short_name": "Leather Wingback chair", "color_description": "", "added_date": "2015-01-04T00:58:18.654Z", "units": 1, "lat": 37.765331, "pub_date": "2015-01-04T00:56:50Z", "care": null, "return_policy": null, "is_published": true}, "model": "goods.product", "pk": 126}, {"fields": {"original_price": "0.00", "is_featured": true, "subcategory": [41], "weight": null, "diameter": null, "color": [2], "furnituretype": [2], "height": "32.50", "is_sold": true, "current_price": "0.00", "lng": -122.399477, "value_tier": null, "manufacturer": null, "sku": null, "style": [], "segment": [2], "depth": "56.50", "width": "55.00", "has_trial": false, "seat_height": null, "bed_size": "", "store": 16, "category": [3], "material": [13], "description": "", "short_name": "Piano base coffee table", "color_description": "", "added_date": "2015-01-04T01:00:33.793Z", "units": 1, "lat": 37.765331, "pub_date": "2015-01-04T00:59:16Z", "care": null, "return_policy": null, "is_published": true}, "model": "goods.product", "pk": 127}, {"fields": {"original_price": "0.00", "is_featured": false, "subcategory": [58], "weight": null, "diameter": null, "color": [2], "furnituretype": [1], "height": "24.00", "is_sold": true, "current_price": "0.00", "lng": -122.399477, "value_tier": null, "manufacturer": null, "sku": null, "style": [], "segment": [2], "depth": "19.00", "width": "22.00", "has_trial": false, "seat_height": null, "bed_size": "", "store": 16, "category": [3], "material": [1], "description": "", "short_name": "Tufted Leather Chair", "color_description": "", "added_date": "2015-01-04T01:02:27.620Z", "units": 1, "lat": 37.765331, "pub_date": "2015-01-04T01:01:19Z", "care": null, "return_policy": null, "is_published": true}, "model": "goods.product", "pk": 128}, {"fields": {"original_price": "0.00", "is_featured": false, "subcategory": [67], "weight": null, "diameter": null, "color": [2], "furnituretype": [6], "height": "36.00", "is_sold": true, "current_price": "0.00", "lng": -122.399477, "value_tier": null, "manufacturer": null, "sku": null, "style": [], "segment": [2], "depth": "10.50", "width": "41.45", "has_trial": false, "seat_height": null, "bed_size": "", "store": 16, "category": [9], "material": [13], "description": "", "short_name": "Vintage Library Drawers", "color_description": "", "added_date": "2015-01-04T01:04:30.653Z", "units": 1, "lat": 37.765331, "pub_date": "2015-01-04T01:03:19Z", "care": null, "return_policy": null, "is_published": true}, "model": "goods.product", "pk": 129}, {"fields": {"original_price": "600.00", "is_featured": false, "subcategory": [58], "weight": null, "diameter": null, "color": [16], "furnituretype": [1], "height": "28.00", "is_sold": false, "current_price": "600.00", "lng": -122.3845881, "value_tier": null, "manufacturer": null, "sku": null, "style": [], "segment": [2], "depth": "26.50", "width": "25.00", "has_trial": false, "seat_height": "16.50", "bed_size": "", "store": 17, "category": [3], "material": [24], "description": "This is a vintage fiberglass shell chair by Charles and Ray Eames with the original Knoll upholstery and a new rocking chair base.\r\n\r\nGreat condition with minor age appropriate wear.", "short_name": "Purple Eames Rocker", "color_description": "", "added_date": "2015-01-04T14:46:17.478Z", "units": 1, "lat": 37.7552805, "pub_date": "2015-01-04T14:44:39Z", "care": null, "return_policy": null, "is_published": true}, "model": "goods.product", "pk": 130}, {"fields": {"original_price": "2600.00", "is_featured": false, "subcategory": [58], "weight": null, "diameter": null, "color": [20], "furnituretype": [1], "height": "41.25", "is_sold": false, "current_price": "2600.00", "lng": -122.3845881, "value_tier": null, "manufacturer": null, "sku": null, "style": [], "segment": [2], "depth": "33.00", "width": "26.00", "has_trial": true, "seat_height": "15.50", "bed_size": "", "store": 17, "category": [3], "material": [1, 13], "description": "This is a Mid-Century Modern lounge chair designed by Milo Baughman for Thayer Coggin that reclines and can be used in three positions.  This chair has been professionally reupholstered in blue leather. Great condition with vintage wear on the frame.", "short_name": "Recliner by Milo Baughman", "color_description": "", "added_date": "2015-01-04T14:49:03.902Z", "units": 1, "lat": 37.7552805, "pub_date": "2015-01-04T14:46:52Z", "care": null, "return_policy": null, "is_published": false}, "model": "goods.product", "pk": 131}, {"fields": {"original_price": "2800.00", "is_featured": false, "subcategory": [58], "weight": null, "diameter": null, "color": [25], "furnituretype": [1], "height": "31.00", "is_sold": false, "current_price": "2800.00", "lng": -122.3845881, "value_tier": null, "manufacturer": null, "sku": null, "style": [], "segment": [2], "depth": "28.00", "width": "24.50", "has_trial": true, "seat_height": "17.00", "bed_size": "", "store": 17, "category": [3], "material": [6], "description": "This is a pair of Mid-Century Modern lounge chairs in the style of Milo Baughman.  They have chrome frames and have been professionally reupholstered.", "short_name": "Mid-Century Lounge Chairs", "color_description": "", "added_date": "2015-01-04T14:52:44.778Z", "units": 1, "lat": 37.7552805, "pub_date": "2015-01-04T14:50:33Z", "care": null, "return_policy": null, "is_published": false}, "model": "goods.product", "pk": 132}, {"fields": {"original_price": "1600.00", "is_featured": false, "subcategory": [58], "weight": null, "diameter": null, "color": [1], "furnituretype": [1], "height": "38.00", "is_sold": false, "current_price": "1600.00", "lng": -122.3845881, "value_tier": null, "manufacturer": null, "sku": null, "style": [], "segment": [2], "depth": null, "width": "37.50", "has_trial": true, "seat_height": "14.00", "bed_size": "", "store": 17, "category": [3], "material": [], "description": " \"If you look at these chairs, they are mainly made of air, like sculpture.  Space passes right through them.\"\r\n\r\nThis is an early Mid-Century Modern 'Bird' Chair by Harry Bertoia for Knoll. Great condition with age appropriate wear.  \r\n\r\nOttoman is 23.5\"W x 17\"deep x 14.5\"H\r\n", "short_name": "Knoll Bird Chair", "color_description": "", "added_date": "2015-01-04T14:58:18.979Z", "units": 1, "lat": 37.7552805, "pub_date": "2015-01-04T14:54:47Z", "care": null, "return_policy": null, "is_published": false}, "model": "goods.product", "pk": 133}, {"fields": {"original_price": "1400.00", "is_featured": false, "subcategory": [58], "weight": null, "diameter": null, "color": [1], "furnituretype": [1], "height": "34.50", "is_sold": false, "current_price": "1400.00", "lng": -122.3845881, "value_tier": null, "manufacturer": null, "sku": null, "style": [], "segment": [2], "depth": null, "width": "22.00", "has_trial": true, "seat_height": "18.00", "bed_size": "", "store": 17, "category": [3], "material": [6, 13], "description": "This Mid-Century Modern rocking chair was designed by Mitsumasa Sugasawa for Tendo Mokko in 1966.  It has a bent wood frame and the original black naugahyde upholstery.\r\n\r\nGreat condition with age appropriate wear, one small nick in the upholstery on the top edge.", "short_name": "Heron Rocker ", "color_description": "", "added_date": "2015-01-04T15:06:50.927Z", "units": 1, "lat": 37.7552805, "pub_date": "2015-01-04T15:03:34Z", "care": null, "return_policy": null, "is_published": false}, "model": "goods.product", "pk": 134}, {"fields": {"original_price": "3800.00", "is_featured": false, "subcategory": [58], "weight": null, "diameter": null, "color": [1, 2], "furnituretype": [1], "height": "24.00", "is_sold": false, "current_price": "3800.00", "lng": -122.3845881, "value_tier": null, "manufacturer": null, "sku": null, "style": [], "segment": [2], "depth": "32.00", "width": "32.00", "has_trial": true, "seat_height": "15.00", "bed_size": "", "store": 17, "category": [3], "material": [1, 13], "description": "This is a pair of rare Mid-Century Modern swivel lounge chairs by George Mulhauser for Plycraft. They have curved rosewood frames and black naugahyde upholstery.\r\n\r\nGreat condition with some vintage wear along the bottom edge of the wood frames and vintage patina on the upholstery (one small tear on the back of one of the arms).", "short_name": "Rosewood Barrel Clubs", "color_description": "", "added_date": "2015-01-04T15:13:38.715Z", "units": 1, "lat": 37.7552805, "pub_date": "2015-01-04T15:10:21Z", "care": null, "return_policy": null, "is_published": false}, "model": "goods.product", "pk": 135}, {"fields": {"original_price": "1600.00", "is_featured": false, "subcategory": [58], "weight": null, "diameter": null, "color": [1, 2], "furnituretype": [1], "height": "28.50", "is_sold": false, "current_price": "1600.00", "lng": -122.3845881, "value_tier": null, "manufacturer": null, "sku": null, "style": [], "segment": [2], "depth": "17.00", "width": "24.00", "has_trial": true, "seat_height": "17.00", "bed_size": "", "store": 17, "category": [3], "material": [1], "description": "This is a CH 34 lounge chair designed by Hans Wegner for Carl Hansen & Son in 1959. This chair was presented at 'K\u00f8best\u00e6vnet' in Fredericia in 1959 and was in production from 1959-1964. It has a teak frame and the original black leather upholstery.\r\n\r\nGreat condition with age appropriate wear, such as scratches on the wood frame and distressed leather.", "short_name": "CH 34 Arm Chair", "color_description": "", "added_date": "2015-01-04T15:16:36.724Z", "units": 1, "lat": 37.7552805, "pub_date": "2015-01-04T15:15:03Z", "care": null, "return_policy": null, "is_published": false}, "model": "goods.product", "pk": 136}, {"fields": {"original_price": "3100.00", "is_featured": true, "subcategory": [58], "weight": null, "diameter": null, "color": [1, 2], "furnituretype": [1], "height": "32.50", "is_sold": false, "current_price": "3100.00", "lng": -122.3845881, "value_tier": null, "manufacturer": null, "sku": null, "style": [], "segment": [2], "depth": "28.00", "width": "29.25", "has_trial": true, "seat_height": "17.50", "bed_size": "", "store": 17, "category": [3], "material": [1, 13], "description": "This is a pair of vintage Mid-Century bent wood lounge chairs with newly upholstered black leather cushions.\r\n\r\nGreat condition with age appropriate wear on the wood frames such as scratches. ", "short_name": "Modern Lounge Chairs", "color_description": "", "added_date": "2015-01-04T15:30:14.670Z", "units": 1, "lat": 37.7552805, "pub_date": "2015-01-04T15:17:30Z", "care": null, "return_policy": null, "is_published": false}, "model": "goods.product", "pk": 137}, {"fields": {"original_price": "1600.00", "is_featured": false, "subcategory": [41], "weight": null, "diameter": "42.00", "color": [3, 10], "furnituretype": [2], "height": "15.63", "is_sold": false, "current_price": "1600.00", "lng": -122.3845881, "value_tier": null, "manufacturer": null, "sku": null, "style": [], "segment": [2], "depth": null, "width": null, "has_trial": true, "seat_height": null, "bed_size": "", "store": 17, "category": [3], "material": [20, 22], "description": "This is a vintage Mid-Century 'Propeller' coffee table by Knut Hesterberg for Ronald Schmitt in 1964. It has a aluminum 'propeller' base with a gold finish and a round glass top.\r\n\r\nGreat condition with age appropriate wear such as scratches.", "short_name": " Propeller Coffee Table", "color_description": "", "added_date": "2015-01-04T15:32:13.747Z", "units": 1, "lat": 37.7552805, "pub_date": "2015-01-04T15:30:50Z", "care": null, "return_policy": null, "is_published": true}, "model": "goods.product", "pk": 138}, {"fields": {"original_price": "1800.00", "is_featured": false, "subcategory": [41], "weight": null, "diameter": null, "color": [2], "furnituretype": [2], "height": "31.25", "is_sold": false, "current_price": "1400.00", "lng": -122.3845881, "value_tier": null, "manufacturer": null, "sku": null, "style": [], "segment": [2], "depth": "20.50", "width": "36.00", "has_trial": true, "seat_height": null, "bed_size": "", "store": 17, "category": [3], "material": [13], "description": "This is a vintage studio craft table by Napa artist, Dane Newcomb.  It is solid walnut and oak with stunning lines and details.\r\n\r\nGreat condition.", "short_name": "Studio Craft Table", "color_description": "", "added_date": "2015-01-04T15:34:09.241Z", "units": 1, "lat": 37.7552805, "pub_date": "2015-01-04T15:32:41Z", "care": null, "return_policy": null, "is_published": false}, "model": "goods.product", "pk": 139}, {"fields": {"original_price": "1200.00", "is_featured": false, "subcategory": [41], "weight": null, "diameter": null, "color": [2], "furnituretype": [2], "height": "22.25", "is_sold": false, "current_price": "1200.00", "lng": -122.3845881, "value_tier": null, "manufacturer": null, "sku": null, "style": [], "segment": [2], "depth": "16.75", "width": "27.75", "has_trial": true, "seat_height": null, "bed_size": "", "store": 17, "category": [3], "material": [13], "description": "This is a pair of Mid-Century Modern brutalist end tables by Lane.\r\n\r\nGreat condition with age appropriate wear, such as some small nicks.  See images.", "short_name": "Night Stands by Lane", "color_description": "", "added_date": "2015-01-04T15:39:22.331Z", "units": 1, "lat": 37.7552805, "pub_date": "2015-01-04T15:37:57Z", "care": null, "return_policy": null, "is_published": true}, "model": "goods.product", "pk": 140}, {"fields": {"original_price": "3800.00", "is_featured": false, "subcategory": [36], "weight": null, "diameter": null, "color": [6, 5], "furnituretype": [6], "height": "29.75", "is_sold": false, "current_price": "3800.00", "lng": -122.3845881, "value_tier": null, "manufacturer": null, "sku": null, "style": [], "segment": [2], "depth": "20.00", "width": "41.13", "has_trial": true, "seat_height": null, "bed_size": "", "store": 17, "category": [5], "material": [], "description": "This is a vintage Mid-Century dresser with six drawers (two deep drawers on the bottom). This design was created in 1968 by Raymond Loewy for his DF2000 series X-line.\r\n\r\nGreat condition with vintage wear.\r\n", "short_name": "Raymond Loewy Dresser", "color_description": "", "added_date": "2015-01-04T15:41:27.864Z", "units": 1, "lat": 37.7552805, "pub_date": "2015-01-04T15:39:53Z", "care": null, "return_policy": null, "is_published": true}, "model": "goods.product", "pk": 141}, {"fields": {"original_price": "4100.00", "is_featured": false, "subcategory": [55], "weight": null, "diameter": null, "color": [6, 5], "furnituretype": [7], "height": "20.25", "is_sold": false, "current_price": "4100.00", "lng": -122.3845881, "value_tier": null, "manufacturer": null, "sku": null, "style": [], "segment": [2], "depth": "15.65", "width": "105.00", "has_trial": true, "seat_height": null, "bed_size": "", "store": 17, "category": [5], "material": [], "description": "The bed frame that attaches to the headboard is 64.5\"W x 82\"L, and the inside storage compartment in the headboard is 63\"L x 11\"H x 14\"deep.", "short_name": "Loewy DF2000 Queen Bed", "color_description": "", "added_date": "2015-01-04T16:21:55.022Z", "units": 1, "lat": 37.7552805, "pub_date": "2015-01-04T15:46:07Z", "care": null, "return_policy": null, "is_published": true}, "model": "goods.product", "pk": 142}, {"fields": {"original_price": "10000.00", "is_featured": false, "subcategory": [64], "weight": null, "diameter": null, "color": [2, 6], "furnituretype": [2], "height": "34.00", "is_sold": false, "current_price": "10000.00", "lng": -122.3845881, "value_tier": null, "manufacturer": null, "sku": null, "style": [], "segment": [2], "depth": "38.00", "width": "7.00", "has_trial": true, "seat_height": null, "bed_size": "", "store": 17, "category": [6], "material": [30, 13], "description": "This 'Johnson Wax 1' desk was originally designed by Frank Lloyd Wright in 1936 for the S.C. Johnson Company's Administrative Building in Racine, Wisconcin. The Frank Lloyd Wright Foundation gave Cassina the right to produce it in 1985 (it is no longer manufactured). This particular desk is marked Cassina #0147, Frank Lloyd Wright. It has three cherry wood tops positioned at different heights and a 'brick red' painted tubular steel frame. It includes two drawers and a removable waste basket and two storage racks. It also has polished brass accents. The desk top is 30\"H (26\"H to bottom shelf).\r\n\r\nGreat condition with age appropriate wear such as scratches. See images.", "short_name": "Rare 'Johnson Wax 1' Desk", "color_description": "", "added_date": "2015-01-04T16:54:47.546Z", "units": 1, "lat": 37.7552805, "pub_date": "2015-01-04T16:53:15Z", "care": null, "return_policy": null, "is_published": true}, "model": "goods.product", "pk": 143}, {"fields": {"original_price": "1200.00", "is_featured": false, "subcategory": [66], "weight": null, "diameter": null, "color": [4], "furnituretype": [3], "height": "62.50", "is_sold": false, "current_price": "1200.00", "lng": -122.3845881, "value_tier": null, "manufacturer": null, "sku": null, "style": [], "segment": [2], "depth": null, "width": null, "has_trial": true, "seat_height": null, "bed_size": "", "store": 17, "category": [7], "material": [], "description": "This is a vintage 'Orbiter' floor lamp designed by Robert Sonneman. The 5.5\"diameter shade, the arc, and the 34\"L arm can tilt and turn.\r\n\r\nGreat condition with minor vintage wear such as a few small scratches.\r\n", "short_name": "Orbiter Floor Lamp", "color_description": "", "added_date": "2015-01-04T16:59:22.514Z", "units": 1, "lat": 37.7552805, "pub_date": "2015-01-04T16:58:18Z", "care": null, "return_policy": null, "is_published": true}, "model": "goods.product", "pk": 145}, {"fields": {"original_price": "300.00", "is_featured": false, "subcategory": [44], "weight": null, "diameter": null, "color": [1], "furnituretype": [3], "height": "5.50", "is_sold": false, "current_price": "300.00", "lng": -122.3845881, "value_tier": null, "manufacturer": null, "sku": null, "style": [], "segment": [2], "depth": null, "width": "26.00", "has_trial": false, "seat_height": null, "bed_size": "", "store": 17, "category": [7], "material": [], "description": "This is a vintage industrial wall mount steel task lamp. The wall bracket is stamped \"ARTISTIC LAMP NY\". Edison bulb is included.\r\n\r\nGreat condition with age appropriate wear. ", "short_name": "Industrial Wall Lamp", "color_description": "", "added_date": "2015-01-04T17:04:21.010Z", "units": 1, "lat": 37.7552805, "pub_date": "2015-01-04T17:00:09Z", "care": null, "return_policy": null, "is_published": true}, "model": "goods.product", "pk": 146}, {"fields": {"original_price": "400.00", "is_featured": false, "subcategory": [63], "weight": null, "diameter": null, "color": [3], "furnituretype": [5], "height": "4.25", "is_sold": false, "current_price": "400.00", "lng": -122.3845881, "value_tier": null, "manufacturer": null, "sku": null, "style": [], "segment": [2], "depth": "3.75", "width": "6.50", "has_trial": false, "seat_height": null, "bed_size": "", "store": 17, "category": [8], "material": [], "description": "This is a vintage Mid-Century acrylic Nixie tube clock. \r\n\r\nGreat condition.", "short_name": "Nixie Tube Clock", "color_description": "", "added_date": "2015-01-04T17:05:57.882Z", "units": 1, "lat": 37.7552805, "pub_date": "2015-01-04T17:04:45Z", "care": null, "return_policy": null, "is_published": true}, "model": "goods.product", "pk": 147}, {"fields": {"original_price": "0.00", "is_featured": false, "subcategory": [65], "weight": null, "diameter": null, "color": [1], "furnituretype": [3], "height": "23.00", "is_sold": false, "current_price": "0.00", "lng": -122.399477, "value_tier": null, "manufacturer": null, "sku": null, "style": [11], "segment": [2], "depth": null, "width": null, "has_trial": false, "seat_height": null, "bed_size": "", "store": 16, "category": [7], "material": [], "description": "", "short_name": "Industrial Table Lamp", "color_description": "", "added_date": "2015-01-09T03:39:19.341Z", "units": 1, "lat": 37.765331, "pub_date": "2015-01-09T03:33:18Z", "care": null, "return_policy": null, "is_published": true}, "model": "goods.product", "pk": 148}, {"fields": {"original_price": "0.00", "is_featured": false, "subcategory": [73], "weight": null, "diameter": null, "color": [2], "furnituretype": [1], "height": "35.00", "is_sold": false, "current_price": "0.00", "lng": -122.399477, "value_tier": null, "manufacturer": null, "sku": null, "style": [11], "segment": [2], "depth": "15.50", "width": "17.00", "has_trial": false, "seat_height": null, "bed_size": "", "store": 16, "category": [6], "material": [13], "description": "", "short_name": "Antique Wood Desk Chair", "color_description": "", "added_date": "2015-01-09T03:43:59.297Z", "units": 1, "lat": 37.765331, "pub_date": "2015-01-09T03:41:53Z", "care": null, "return_policy": null, "is_published": true}, "model": "goods.product", "pk": 149}, {"fields": {"original_price": "0.00", "is_featured": false, "subcategory": [65], "weight": null, "diameter": null, "color": [1], "furnituretype": [3], "height": "20.00", "is_sold": false, "current_price": "0.00", "lng": -122.399477, "value_tier": null, "manufacturer": null, "sku": null, "style": [11], "segment": [2], "depth": null, "width": "10.00", "has_trial": false, "seat_height": null, "bed_size": "", "store": 16, "category": [6], "material": [], "description": "", "short_name": "Vintage Library Desk Lamp", "color_description": "", "added_date": "2015-01-09T03:47:19.079Z", "units": 1, "lat": 37.765331, "pub_date": "2015-01-09T03:45:52Z", "care": null, "return_policy": null, "is_published": true}, "model": "goods.product", "pk": 150}, {"fields": {"original_price": "0.00", "is_featured": false, "subcategory": [44], "weight": null, "diameter": "29.00", "color": [2], "furnituretype": [3], "height": "58.00", "is_sold": false, "current_price": "0.00", "lng": -122.399477, "value_tier": null, "manufacturer": null, "sku": null, "style": [11], "segment": [2], "depth": "36.00", "width": "39.00", "has_trial": false, "seat_height": null, "bed_size": "", "store": 16, "category": [3], "material": [], "description": "Oversized", "short_name": "Industrial Spotlight", "color_description": "", "added_date": "2015-01-09T03:49:15.655Z", "units": 1, "lat": 37.765331, "pub_date": "2015-01-09T03:47:33Z", "care": null, "return_policy": null, "is_published": false}, "model": "goods.product", "pk": 151}, {"fields": {"original_price": "0.00", "is_featured": false, "subcategory": [58], "weight": null, "diameter": null, "color": [2], "furnituretype": [1], "height": "30.50", "is_sold": false, "current_price": "0.00", "lng": -122.399477, "value_tier": null, "manufacturer": null, "sku": null, "style": [], "segment": [2], "depth": "20.00", "width": "28.00", "has_trial": false, "seat_height": null, "bed_size": "", "store": 16, "category": [3], "material": [1], "description": "", "short_name": "Hand Woven Leather Chairs", "color_description": "", "added_date": "2015-01-09T03:50:22.874Z", "units": 1, "lat": 37.765331, "pub_date": "2015-01-09T03:49:36Z", "care": null, "return_policy": null, "is_published": true}, "model": "goods.product", "pk": 152}, {"fields": {"original_price": "0.00", "is_featured": false, "subcategory": [50], "weight": null, "diameter": null, "color": [3], "furnituretype": [9], "height": null, "is_sold": false, "current_price": "0.00", "lng": -122.399477, "value_tier": null, "manufacturer": null, "sku": null, "style": [], "segment": [2], "depth": null, "width": null, "has_trial": false, "seat_height": null, "bed_size": "", "store": 16, "category": [], "material": [22], "description": "", "short_name": "Revolving Candy Jar", "color_description": "", "added_date": "2015-01-09T03:52:06.410Z", "units": 1, "lat": 37.765331, "pub_date": "2015-01-09T03:50:39Z", "care": null, "return_policy": null, "is_published": true}, "model": "goods.product", "pk": 153}, {"fields": {"original_price": "0.00", "is_featured": false, "subcategory": [44], "weight": null, "diameter": "25.00", "color": [3], "furnituretype": [3], "height": "27.00", "is_sold": false, "current_price": "0.00", "lng": -122.399477, "value_tier": null, "manufacturer": null, "sku": null, "style": [], "segment": [2], "depth": null, "width": null, "has_trial": false, "seat_height": null, "bed_size": "", "store": 16, "category": [], "material": [36], "description": "", "short_name": "Crystal Chandelier", "color_description": "", "added_date": "2015-01-09T03:53:34.062Z", "units": 1, "lat": 37.765331, "pub_date": "2015-01-09T03:52:19Z", "care": null, "return_policy": null, "is_published": true}, "model": "goods.product", "pk": 154}, {"fields": {"original_price": "0.00", "is_featured": false, "subcategory": [63], "weight": null, "diameter": null, "color": [4], "furnituretype": [5], "height": "16.00", "is_sold": false, "current_price": "0.00", "lng": -122.399477, "value_tier": null, "manufacturer": null, "sku": null, "style": [], "segment": [2], "depth": "24.00", "width": "9.00", "has_trial": false, "seat_height": null, "bed_size": "", "store": 16, "category": [8], "material": [], "description": "", "short_name": "Metallic Bull Dog", "color_description": "", "added_date": "2015-01-09T03:55:21.844Z", "units": 1, "lat": 37.765331, "pub_date": "2015-01-09T03:53:57Z", "care": null, "return_policy": null, "is_published": true}, "model": "goods.product", "pk": 155}, {"fields": {"original_price": "0.00", "is_featured": false, "subcategory": [41], "weight": null, "diameter": null, "color": [4], "furnituretype": [2], "height": "38.00", "is_sold": false, "current_price": "0.00", "lng": -122.399477, "value_tier": null, "manufacturer": null, "sku": null, "style": [], "segment": [2], "depth": "12.00", "width": "75.00", "has_trial": false, "seat_height": null, "bed_size": "", "store": 16, "category": [], "material": [13], "description": "", "short_name": "Riveted Console Table", "color_description": "", "added_date": "2015-01-09T03:56:52.948Z", "units": 1, "lat": 37.765331, "pub_date": "2015-01-09T03:55:40Z", "care": null, "return_policy": null, "is_published": true}, "model": "goods.product", "pk": 156}, {"fields": {"original_price": "0.00", "is_featured": false, "subcategory": [65], "weight": null, "diameter": null, "color": [2], "furnituretype": [3], "height": null, "is_sold": false, "current_price": "0.00", "lng": -122.418831, "value_tier": null, "manufacturer": null, "sku": null, "style": [], "segment": [2], "depth": null, "width": null, "has_trial": false, "seat_height": null, "bed_size": "", "store": 20, "category": [7], "material": [10], "description": "", "short_name": "cowboy boot lamp", "color_description": "", "added_date": "2015-01-09T04:05:10.337Z", "units": 1, "lat": 37.7588898, "pub_date": "2015-01-09T04:02:51Z", "care": null, "return_policy": null, "is_published": true}, "model": "goods.product", "pk": 157}, {"fields": {"original_price": "0.00", "is_featured": false, "subcategory": [41], "weight": null, "diameter": null, "color": [4], "furnituretype": [2], "height": null, "is_sold": false, "current_price": "0.00", "lng": -122.418831, "value_tier": null, "manufacturer": null, "sku": null, "style": [], "segment": [2], "depth": null, "width": null, "has_trial": false, "seat_height": null, "bed_size": "", "store": 20, "category": [], "material": [], "description": "", "short_name": "Industrial side table", "color_description": "", "added_date": "2015-01-09T04:15:50.971Z", "units": 1, "lat": 37.7588898, "pub_date": "2015-01-09T04:14:17Z", "care": null, "return_policy": null, "is_published": true}, "model": "goods.product", "pk": 160}, {"fields": {"original_price": "0.00", "is_featured": false, "subcategory": [35], "weight": null, "diameter": null, "color": [8, 6, 7], "furnituretype": [9], "height": null, "is_sold": false, "current_price": "0.00", "lng": -122.418831, "value_tier": null, "manufacturer": null, "sku": null, "style": [], "segment": [2], "depth": null, "width": null, "has_trial": false, "seat_height": null, "bed_size": "", "store": 20, "category": [], "material": [], "description": "", "short_name": "3 Tier kitchen cart", "color_description": "", "added_date": "2015-01-09T04:18:30.272Z", "units": 1, "lat": 37.7588898, "pub_date": "2015-01-09T04:16:18Z", "care": null, "return_policy": null, "is_published": true}, "model": "goods.product", "pk": 161}, {"fields": {"original_price": "0.00", "is_featured": false, "subcategory": [41], "weight": null, "diameter": null, "color": [9], "furnituretype": [2], "height": null, "is_sold": false, "current_price": "0.00", "lng": -122.418831, "value_tier": null, "manufacturer": null, "sku": null, "style": [], "segment": [2], "depth": null, "width": null, "has_trial": false, "seat_height": null, "bed_size": "", "store": 20, "category": [], "material": [37], "description": "", "short_name": "Boomerang marble table", "color_description": "", "added_date": "2015-01-09T04:19:58.121Z", "units": 1, "lat": 37.7588898, "pub_date": "2015-01-09T04:18:57Z", "care": null, "return_policy": null, "is_published": true}, "model": "goods.product", "pk": 162}, {"fields": {"original_price": "0.00", "is_featured": false, "subcategory": [64], "weight": null, "diameter": null, "color": [2], "furnituretype": [2], "height": null, "is_sold": false, "current_price": "0.00", "lng": -122.418831, "value_tier": null, "manufacturer": null, "sku": null, "style": [], "segment": [2], "depth": null, "width": null, "has_trial": false, "seat_height": null, "bed_size": "", "store": 20, "category": [], "material": [13], "description": "", "short_name": "Vintage Desk", "color_description": "", "added_date": "2015-01-09T04:22:42.074Z", "units": 1, "lat": 37.7588898, "pub_date": "2015-01-09T04:21:53Z", "care": null, "return_policy": null, "is_published": true}, "model": "goods.product", "pk": 164}, {"fields": {"original_price": "0.00", "is_featured": false, "subcategory": [58], "weight": null, "diameter": null, "color": [1], "furnituretype": [1], "height": null, "is_sold": false, "current_price": "0.00", "lng": -122.418831, "value_tier": null, "manufacturer": null, "sku": null, "style": [], "segment": [2], "depth": null, "width": null, "has_trial": false, "seat_height": null, "bed_size": "", "store": 20, "category": [], "material": [13], "description": "", "short_name": "Valet Butlers Chair", "color_description": "", "added_date": "2015-01-09T04:24:29.997Z", "units": 1, "lat": 37.7588898, "pub_date": "2015-01-09T04:23:25Z", "care": null, "return_policy": null, "is_published": true}, "model": "goods.product", "pk": 165}, {"fields": {"original_price": "0.00", "is_featured": false, "subcategory": [50], "weight": null, "diameter": null, "color": [1, 6], "furnituretype": [9], "height": null, "is_sold": false, "current_price": "0.00", "lng": -122.418831, "value_tier": null, "manufacturer": null, "sku": null, "style": [], "segment": [2], "depth": null, "width": null, "has_trial": false, "seat_height": null, "bed_size": "", "store": 20, "category": [], "material": [22], "description": "", "short_name": "Red & Black Bar Set ", "color_description": "", "added_date": "2015-01-09T04:26:58.564Z", "units": 1, "lat": 37.7588898, "pub_date": "2015-01-09T04:26:12Z", "care": null, "return_policy": null, "is_published": true}, "model": "goods.product", "pk": 167}, {"fields": {"original_price": "0.00", "is_featured": true, "subcategory": [61], "weight": null, "diameter": null, "color": [2, 5], "furnituretype": [5], "height": null, "is_sold": false, "current_price": "0.00", "lng": -122.418831, "value_tier": null, "manufacturer": null, "sku": null, "style": [], "segment": [2], "depth": null, "width": null, "has_trial": false, "seat_height": null, "bed_size": "", "store": 20, "category": [], "material": [], "description": "", "short_name": "Vintage Ram Skull", "color_description": "", "added_date": "2015-01-09T04:30:21.510Z", "units": 1, "lat": 37.7588898, "pub_date": "2015-01-09T04:29:34Z", "care": null, "return_policy": null, "is_published": false}, "model": "goods.product", "pk": 169}, {"fields": {"original_price": "995.00", "is_featured": false, "subcategory": [62], "weight": null, "diameter": null, "color": [], "furnituretype": [5], "height": null, "is_sold": false, "current_price": "995.00", "lng": -122.289611, "value_tier": null, "manufacturer": null, "sku": null, "style": [], "segment": [2], "depth": null, "width": null, "has_trial": false, "seat_height": null, "bed_size": "", "store": 18, "category": [], "material": [], "description": "", "short_name": "Weinstein Sculpture", "color_description": "", "added_date": "2015-01-09T04:44:05.123Z", "units": 1, "lat": 37.8624129, "pub_date": "2015-01-09T04:42:48Z", "care": null, "return_policy": null, "is_published": true}, "model": "goods.product", "pk": 173}, {"fields": {"original_price": "4000.00", "is_featured": false, "subcategory": [56], "weight": null, "diameter": null, "color": [2], "furnituretype": [1], "height": "49.00", "is_sold": false, "current_price": "4000.00", "lng": -122.289611, "value_tier": null, "manufacturer": null, "sku": null, "style": [], "segment": [2], "depth": "22.50", "width": "77.00", "has_trial": true, "seat_height": null, "bed_size": "", "store": 18, "category": [], "material": [13], "description": "c. 1680 (back)\r\n\r\nwith storage under seat", "short_name": "Celtic Bench c. 1680", "color_description": "", "added_date": "2015-01-09T04:45:46.675Z", "units": 1, "lat": 37.8624129, "pub_date": "2015-01-09T04:44:26Z", "care": null, "return_policy": null, "is_published": true}, "model": "goods.product", "pk": 174}, {"fields": {"original_price": "4250.00", "is_featured": false, "subcategory": [63], "weight": null, "diameter": null, "color": [2, 14], "furnituretype": [8], "height": "108.00", "is_sold": false, "current_price": "4250.00", "lng": -122.289611, "value_tier": null, "manufacturer": null, "sku": null, "style": [], "segment": [2], "depth": null, "width": "48.00", "has_trial": true, "seat_height": null, "bed_size": "", "store": 18, "category": [], "material": [22], "description": "Oak and Douglas Fir wood construction Circa 1910", "short_name": "Stained Glass Window", "color_description": "", "added_date": "2015-01-09T04:49:57.201Z", "units": 1, "lat": 37.8624129, "pub_date": "2015-01-09T04:46:29Z", "care": null, "return_policy": null, "is_published": false}, "model": "goods.product", "pk": 175}, {"fields": {"original_price": "8995.00", "is_featured": true, "subcategory": [67], "weight": null, "diameter": null, "color": [2], "furnituretype": [6], "height": "82.00", "is_sold": true, "current_price": "8995.00", "lng": -122.289611, "value_tier": null, "manufacturer": null, "sku": null, "style": [], "segment": [2], "depth": "20.00", "width": "96.00", "has_trial": true, "seat_height": null, "bed_size": "", "store": 18, "category": [], "material": [13], "description": "Solid, quarter-sawn oak, hand \u2013 carved cabinet with wrought iron hardware", "short_name": "Renaissance Style Oak Cabinet", "color_description": "", "added_date": "2015-01-09T04:54:56.605Z", "units": 1, "lat": 37.8624129, "pub_date": "2015-01-09T04:52:11Z", "care": null, "return_policy": null, "is_published": true}, "model": "goods.product", "pk": 176}, {"fields": {"original_price": "2500.00", "is_featured": false, "subcategory": [69], "weight": null, "diameter": null, "color": [], "furnituretype": [6], "height": "47.00", "is_sold": false, "current_price": "2000.00", "lng": -122.289611, "value_tier": null, "manufacturer": null, "sku": null, "style": [], "segment": [2], "depth": "33.00", "width": "66.00", "has_trial": true, "seat_height": null, "bed_size": "", "store": 18, "category": [], "material": [13], "description": "Antique Indonesian carved teak chest with secret compartment- small door in top with iron latches, and smaller door down below to the secret compartment. Covered in lovely detail of carved rosettes. located at 2403", "short_name": "Indonesian Carved Chest ", "color_description": "", "added_date": "2015-01-09T05:04:32.409Z", "units": 1, "lat": 37.8624129, "pub_date": "2015-01-09T05:00:04Z", "care": null, "return_policy": null, "is_published": true}, "model": "goods.product", "pk": 178}, {"fields": {"original_price": "425.00", "is_featured": false, "subcategory": [49], "weight": null, "diameter": null, "color": [15], "furnituretype": [1], "height": null, "is_sold": false, "current_price": "425.00", "lng": -122.289611, "value_tier": null, "manufacturer": null, "sku": null, "style": [], "segment": [2], "depth": "23.00", "width": "47.00", "has_trial": false, "seat_height": null, "bed_size": "", "store": 18, "category": [3], "material": [6], "description": "", "short_name": "Unique loveseat", "color_description": "", "added_date": "2015-01-09T05:08:47.374Z", "units": 1, "lat": 37.8624129, "pub_date": "2015-01-09T05:05:39Z", "care": null, "return_policy": null, "is_published": true}, "model": "goods.product", "pk": 179}, {"fields": {"original_price": "350.00", "is_featured": false, "subcategory": [50], "weight": null, "diameter": null, "color": [2], "furnituretype": [9], "height": "7.00", "is_sold": false, "current_price": "350.00", "lng": -122.4338055, "value_tier": null, "manufacturer": null, "sku": null, "style": [], "segment": [1], "depth": "13.00", "width": "15.00", "has_trial": false, "seat_height": null, "bed_size": "", "store": 19, "category": [], "material": [29], "description": "", "short_name": "Japanese Teak Wine Rack", "color_description": "", "added_date": "2015-01-09T05:13:48.154Z", "units": 1, "lat": 37.787221, "pub_date": "2015-01-09T05:11:28Z", "care": null, "return_policy": null, "is_published": true}, "model": "goods.product", "pk": 180}, {"fields": {"original_price": "43.00", "is_featured": false, "subcategory": [50], "weight": null, "diameter": null, "color": [4], "furnituretype": [9], "height": null, "is_sold": false, "current_price": "43.00", "lng": -122.4338055, "value_tier": null, "manufacturer": null, "sku": null, "style": [], "segment": [1], "depth": null, "width": null, "has_trial": false, "seat_height": null, "bed_size": "", "store": 19, "category": [], "material": [], "description": "", "short_name": "Alessi coffee spoons Sj", "color_description": "", "added_date": "2015-01-09T05:22:17.595Z", "units": 1, "lat": 37.787221, "pub_date": "2015-01-09T05:20:51Z", "care": null, "return_policy": null, "is_published": true}, "model": "goods.product", "pk": 182}, {"fields": {"original_price": "46.00", "is_featured": false, "subcategory": [50], "weight": null, "diameter": null, "color": [4], "furnituretype": [9], "height": null, "is_sold": false, "current_price": "46.00", "lng": -122.4338055, "value_tier": null, "manufacturer": null, "sku": null, "style": [], "segment": [1], "depth": null, "width": null, "has_trial": false, "seat_height": null, "bed_size": "", "store": 19, "category": [], "material": [], "description": "", "short_name": "Alessi Coffee spoons FM", "color_description": "", "added_date": "2015-01-09T05:26:21.441Z", "units": 1, "lat": 37.787221, "pub_date": "2015-01-09T05:23:26Z", "care": null, "return_policy": null, "is_published": true}, "model": "goods.product", "pk": 183}, {"fields": {"original_price": "45.00", "is_featured": false, "subcategory": [50], "weight": null, "diameter": null, "color": [8, 11, 6, 7, 14], "furnituretype": [9], "height": null, "is_sold": false, "current_price": "45.00", "lng": -122.4338055, "value_tier": null, "manufacturer": null, "sku": null, "style": [], "segment": [1], "depth": null, "width": null, "has_trial": false, "seat_height": null, "bed_size": "", "store": 19, "category": [], "material": [13], "description": "Made from reclaimed driftwood that's been sanded, stained, and shellacked. All wood is salvaged from Lake Eerie (which is stamped on the brass, a good conversation starter). Basically, it's a cool way to open a cool beverage.", "short_name": "Driftwood Bottle Opener", "color_description": "", "added_date": "2015-01-09T05:38:57.495Z", "units": 1, "lat": 37.787221, "pub_date": "2015-01-09T05:34:52Z", "care": null, "return_policy": null, "is_published": true}, "model": "goods.product", "pk": 186}, {"fields": {"original_price": "1405.00", "is_featured": false, "subcategory": [69], "weight": null, "diameter": null, "color": [25, 5], "furnituretype": [6], "height": "36.00", "is_sold": false, "current_price": "1405.00", "lng": -122.4215497, "value_tier": null, "manufacturer": null, "sku": null, "style": [], "segment": [2], "depth": "19.50", "width": "45.00", "has_trial": true, "seat_height": null, "bed_size": "", "store": 10, "category": [], "material": [], "description": "", "short_name": "Tangier Bone Chest", "color_description": "", "added_date": "2015-01-13T22:49:08.228Z", "units": 1, "lat": 37.7883114, "pub_date": "2015-01-13T22:46:28Z", "care": null, "return_policy": null, "is_published": true}, "model": "goods.product", "pk": 187}, {"fields": {"original_price": "1405.00", "is_featured": false, "subcategory": [36], "weight": null, "diameter": null, "color": [], "furnituretype": [6], "height": "35.00", "is_sold": false, "current_price": "1405.00", "lng": -122.4215497, "value_tier": null, "manufacturer": null, "sku": null, "style": [], "segment": [2], "depth": "21.00", "width": "68.00", "has_trial": true, "seat_height": null, "bed_size": "", "store": 10, "category": [], "material": [29], "description": "", "short_name": "Teak Server Credenza", "color_description": "", "added_date": "2015-01-13T22:51:23.681Z", "units": 1, "lat": 37.7883114, "pub_date": "2015-01-13T22:49:58Z", "care": null, "return_policy": null, "is_published": true}, "model": "goods.product", "pk": 188}, {"fields": {"original_price": "0.00", "is_featured": false, "subcategory": [41], "weight": null, "diameter": null, "color": [], "furnituretype": [2], "height": "23.00", "is_sold": false, "current_price": "0.00", "lng": -122.4215497, "value_tier": null, "manufacturer": null, "sku": null, "style": [], "segment": [2], "depth": null, "width": "12.50", "has_trial": false, "seat_height": null, "bed_size": "", "store": 10, "category": [], "material": [], "description": "", "short_name": "Kartell Componibili Module", "color_description": "", "added_date": "2015-01-13T22:53:47.108Z", "units": 1, "lat": 37.7883114, "pub_date": "2015-01-13T22:52:11Z", "care": null, "return_policy": null, "is_published": true}, "model": "goods.product", "pk": 189}, {"fields": {"original_price": "155.00", "is_featured": false, "subcategory": [58], "weight": null, "diameter": null, "color": [], "furnituretype": [1], "height": null, "is_sold": false, "current_price": "155.00", "lng": -122.4215497, "value_tier": null, "manufacturer": null, "sku": null, "style": [], "segment": [2], "depth": null, "width": null, "has_trial": false, "seat_height": null, "bed_size": "", "store": 10, "category": [], "material": [6], "description": "", "short_name": "STEELCASE 1960s Chrome Chair", "color_description": "", "added_date": "2015-01-13T22:55:11.410Z", "units": 1, "lat": 37.7883114, "pub_date": "2015-01-13T22:54:23Z", "care": null, "return_policy": null, "is_published": true}, "model": "goods.product", "pk": 190}, {"fields": {"original_price": "155.00", "is_featured": false, "subcategory": [35], "weight": null, "diameter": null, "color": [1, 10], "furnituretype": [9], "height": "27.00", "is_sold": false, "current_price": "155.00", "lng": -122.4215497, "value_tier": null, "manufacturer": null, "sku": null, "style": [], "segment": [2], "depth": null, "width": "15.00", "has_trial": false, "seat_height": null, "bed_size": "", "store": 10, "category": [], "material": [41, 35], "description": "WILLIAMS-SONOMA", "short_name": "2 Tier Tray-Top Table", "color_description": "", "added_date": "2015-01-13T22:57:59.333Z", "units": 1, "lat": 37.7883114, "pub_date": "2015-01-13T22:56:16Z", "care": null, "return_policy": null, "is_published": true}, "model": "goods.product", "pk": 191}, {"fields": {"original_price": "1205.00", "is_featured": false, "subcategory": [40], "weight": null, "diameter": null, "color": [], "furnituretype": [1], "height": "23.00", "is_sold": false, "current_price": "1205.00", "lng": -122.4215497, "value_tier": null, "manufacturer": null, "sku": null, "style": [], "segment": [2], "depth": "35.00", "width": "85.00", "has_trial": true, "seat_height": null, "bed_size": "", "store": 10, "category": [], "material": [6, 13], "description": "White Wood Frame with Blue Fabric Cushions", "short_name": "1960's Mod Couch", "color_description": "", "added_date": "2015-01-13T22:59:22.820Z", "units": 1, "lat": 37.7883114, "pub_date": "2015-01-13T22:58:33Z", "care": null, "return_policy": null, "is_published": true}, "model": "goods.product", "pk": 192}, {"fields": {"original_price": "79.00", "is_featured": false, "subcategory": [43], "weight": null, "diameter": null, "color": [], "furnituretype": [5], "height": "14.00", "is_sold": false, "current_price": "79.00", "lng": -122.4215497, "value_tier": null, "manufacturer": null, "sku": null, "style": [], "segment": [2], "depth": null, "width": "18.00", "has_trial": false, "seat_height": null, "bed_size": "", "store": 10, "category": [], "material": [6], "description": "", "short_name": "ANKASA Rorschach Pillow", "color_description": "", "added_date": "2015-01-13T23:01:44.943Z", "units": 1, "lat": 37.7883114, "pub_date": "2015-01-13T23:01:05Z", "care": null, "return_policy": null, "is_published": true}, "model": "goods.product", "pk": 193}, {"fields": {"original_price": "125.00", "is_featured": false, "subcategory": [41], "weight": null, "diameter": null, "color": [10], "furnituretype": [2], "height": "21.00", "is_sold": false, "current_price": "125.00", "lng": null, "value_tier": null, "manufacturer": null, "sku": null, "style": [], "segment": [2], "depth": "20.00", "width": "20.00", "has_trial": false, "seat_height": null, "bed_size": "", "store": 21, "category": [], "material": [41], "description": "Gold metal brass side table with two smoked glass shelves. Rotating top level with shiny finish. Good condition given age and use. Circa 1975 with very faint light scratches.", "short_name": "Hollywood Regency Brass Side Table", "color_description": "", "added_date": "2015-01-14T17:07:23.178Z", "units": 1, "lat": null, "pub_date": "2015-01-14T17:04:17Z", "care": null, "return_policy": null, "is_published": true}, "model": "goods.product", "pk": 194}, {"fields": {"original_price": "295.00", "is_featured": false, "subcategory": [58], "weight": null, "diameter": null, "color": [2], "furnituretype": [1], "height": "28.00", "is_sold": false, "current_price": "295.00", "lng": null, "value_tier": null, "manufacturer": null, "sku": null, "style": [], "segment": [2], "depth": "24.00", "width": "24.00", "has_trial": false, "seat_height": null, "bed_size": "", "store": 21, "category": [], "material": [18, 13], "description": "Rare MCM Drexel Esperanto style wood cane chair with cane intact. In excellent condition with minor chips, scratches, and wear to original wood finish. Upholstery is in great condition and it is a very comfortable piece of mid-century art. Great candidate for a new coat of fresh lacquer. Convo for quote. Circa 1958.\r\n", "short_name": "Drexel Esperanto Cane Chair", "color_description": "", "added_date": "2015-01-14T17:09:53.003Z", "units": 1, "lat": null, "pub_date": "2015-01-14T17:08:23Z", "care": null, "return_policy": null, "is_published": true}, "model": "goods.product", "pk": 195}, {"fields": {"original_price": "395.00", "is_featured": false, "subcategory": [68], "weight": null, "diameter": null, "color": [2], "furnituretype": [2], "height": "28.00", "is_sold": false, "current_price": "395.00", "lng": null, "value_tier": null, "manufacturer": null, "sku": null, "style": [], "segment": [2], "depth": "42.00", "width": "42.00", "has_trial": false, "seat_height": null, "bed_size": "", "store": 21, "category": [4], "material": [13], "description": "Vintage square table with natural wood top and skirt. Highly detailed carved legs with ball feet. Very unique table with unknown origins. Beautiful patina to wood estimated to be circa 1920.", "short_name": "Square Wood Dining Table", "color_description": "", "added_date": "2015-01-14T17:23:14.325Z", "units": 1, "lat": null, "pub_date": "2015-01-14T17:21:59Z", "care": null, "return_policy": null, "is_published": true}, "model": "goods.product", "pk": 196}, {"fields": {"original_price": "175.00", "is_featured": false, "subcategory": [54], "weight": null, "diameter": null, "color": [], "furnituretype": [1], "height": "40.00", "is_sold": false, "current_price": "175.00", "lng": null, "value_tier": null, "manufacturer": null, "sku": null, "style": [], "segment": [2], "depth": "18.00", "width": "18.00", "has_trial": false, "seat_height": null, "bed_size": "", "store": 21, "category": [], "material": [42], "description": "Roberto foschia sphera air nova chair/egg stool. Designer bar stool structured in brushed aluminum and polypropylene seat. Made in Friuli, Italy. These modern bar stools important design study examples.", "short_name": "Modern Roberto Foschia Egg Stool ", "color_description": "", "added_date": "2015-01-14T17:30:34.497Z", "units": 1, "lat": null, "pub_date": "2015-01-14T17:28:54Z", "care": null, "return_policy": null, "is_published": true}, "model": "goods.product", "pk": 197}, {"fields": {"original_price": "25.00", "is_featured": false, "subcategory": [65], "weight": null, "diameter": null, "color": [], "furnituretype": [3], "height": "5.00", "is_sold": false, "current_price": "25.00", "lng": null, "value_tier": null, "manufacturer": null, "sku": null, "style": [], "segment": [2], "depth": "4.00", "width": "7.00", "has_trial": false, "seat_height": null, "bed_size": "", "store": 22, "category": [], "material": [41], "description": "Great condition. Some scuffing. Tested & working. One rubber foot missing.", "short_name": "1950's Industrial Spotlight Lamp", "color_description": "", "added_date": "2015-01-14T17:39:03.627Z", "units": 1, "lat": null, "pub_date": "2015-01-14T17:37:08Z", "care": null, "return_policy": null, "is_published": true}, "model": "goods.product", "pk": 198}, {"fields": {"original_price": "65.00", "is_featured": false, "subcategory": [65], "weight": null, "diameter": null, "color": [30, 29], "furnituretype": [3], "height": "22.00", "is_sold": false, "current_price": "65.00", "lng": null, "value_tier": null, "manufacturer": null, "sku": null, "style": [], "segment": [2], "depth": "7.00", "width": "11.00", "has_trial": false, "seat_height": null, "bed_size": "", "store": 22, "category": [7], "material": [41], "description": "1970s Lightolier Space Age era melamine lamp with a solid cream shade, a vivid tangerine orange body and a simple on off switch at the base. ", "short_name": "1970s Mod Lightolier UFO Lamp", "color_description": "solid cream shade and vivid tangerine body", "added_date": "2015-01-14T17:42:36.678Z", "units": 1, "lat": null, "pub_date": "2015-01-14T17:39:42Z", "care": null, "return_policy": null, "is_published": true}, "model": "goods.product", "pk": 199}, {"fields": {"original_price": "20.00", "is_featured": false, "subcategory": [50], "weight": null, "diameter": null, "color": [21, 1], "furnituretype": [9], "height": "6.00", "is_sold": false, "current_price": "20.00", "lng": null, "value_tier": null, "manufacturer": null, "sku": null, "style": [], "segment": [2], "depth": null, "width": "4.50", "has_trial": false, "seat_height": null, "bed_size": "", "store": 22, "category": [], "material": [10], "description": "Vintage ceramic mug/stein from the San Diego Wild Animal Park featuring their famous Lowland Gorilla \"Trib\". ", "short_name": "1970's San Diego Wild Animal Park Mug", "color_description": "", "added_date": "2015-01-14T17:49:26.062Z", "units": 1, "lat": null, "pub_date": "2015-01-14T17:46:56Z", "care": null, "return_policy": null, "is_published": true}, "model": "goods.product", "pk": 200}, {"fields": {"original_price": "260.00", "is_featured": false, "subcategory": [73], "weight": null, "diameter": null, "color": [2], "furnituretype": [1], "height": "45.00", "is_sold": false, "current_price": "260.00", "lng": null, "value_tier": null, "manufacturer": null, "sku": null, "style": [], "segment": [2], "depth": "14.00", "width": "15.00", "has_trial": false, "seat_height": null, "bed_size": "", "store": 23, "category": [], "material": [13], "description": "Tripod Chair -Wayland, NY 1939 and Kentucky: Repurposed Oak chairs. Wood finished with Teak oil.", "short_name": "Tripod Chair", "color_description": "", "added_date": "2015-01-14T17:55:26.452Z", "units": 1, "lat": null, "pub_date": "2015-01-14T17:53:19Z", "care": null, "return_policy": null, "is_published": true}, "model": "goods.product", "pk": 201}, {"fields": {"original_price": "785.00", "is_featured": false, "subcategory": [58], "weight": null, "diameter": null, "color": [2], "furnituretype": [1], "height": "36.00", "is_sold": false, "current_price": "785.00", "lng": null, "value_tier": null, "manufacturer": null, "sku": null, "style": [], "segment": [2], "depth": "34.00", "width": "20.00", "has_trial": false, "seat_height": null, "bed_size": "", "store": 23, "category": [], "material": [13], "description": "Repurposed push mower and car leaf springs, reclaimed oak flooring and rocker arms. Wood Finished with Teak oil, metal finished with satin clear coat. ", "short_name": "Repurposed Rocking Chair", "color_description": "", "added_date": "2015-01-14T17:59:52.708Z", "units": 1, "lat": null, "pub_date": "2015-01-14T17:56:28Z", "care": null, "return_policy": null, "is_published": false}, "model": "goods.product", "pk": 202}, {"fields": {"original_price": "98.00", "is_featured": false, "subcategory": [50], "weight": null, "diameter": null, "color": [19], "furnituretype": [9], "height": null, "is_sold": false, "current_price": "98.00", "lng": null, "value_tier": null, "manufacturer": null, "sku": null, "style": [], "segment": [1], "depth": null, "width": null, "has_trial": false, "seat_height": null, "bed_size": "", "store": 24, "category": [], "material": [20], "description": "Cast in solid brass and polished to perfection by hand. Like a fine wine or your favorite leather jacket, brass only gets better with age. Over time, the polished brass will develop a rich natural patina. ", "short_name": "Brass Muse Bottle Opener", "color_description": "", "added_date": "2015-01-14T18:31:51.041Z", "units": 1, "lat": null, "pub_date": "2015-01-14T18:28:41Z", "care": null, "return_policy": null, "is_published": true}, "model": "goods.product", "pk": 203}, {"fields": {"original_price": "128.00", "is_featured": false, "subcategory": [50], "weight": null, "diameter": null, "color": [19], "furnituretype": [9], "height": null, "is_sold": false, "current_price": "128.00", "lng": null, "value_tier": null, "manufacturer": null, "sku": null, "style": [], "segment": [1], "depth": null, "width": null, "has_trial": false, "seat_height": null, "bed_size": "", "store": 24, "category": [], "material": [15], "description": "Handcrafted twinkle meets Park Avenue luxury. Sand-cast in solid brass and polished to perfection by hand, these Brass Muse Napkin Rings make perfect wedding gifts.", "short_name": "Brass Muse Napkin Ring Set", "color_description": "", "added_date": "2015-01-14T18:37:28.607Z", "units": 1, "lat": null, "pub_date": "2015-01-14T18:36:14Z", "care": null, "return_policy": null, "is_published": true}, "model": "goods.product", "pk": 204}, {"fields": {"original_price": "295.00", "is_featured": false, "subcategory": [45], "weight": null, "diameter": "20.00", "color": [8], "furnituretype": [5, 1], "height": "14.00", "is_sold": false, "current_price": "295.00", "lng": null, "value_tier": null, "manufacturer": null, "sku": null, "style": [], "segment": [1], "depth": null, "width": null, "has_trial": false, "seat_height": null, "bed_size": "", "store": 24, "category": [], "material": [1], "description": "You've been living under a rock if you didn't know that Moroccan Poufs are hot right now. Serving as a footstool, side table, or extra seating, they're not only stylish but useful. ", "short_name": "Moroccan Pouf", "color_description": "", "added_date": "2015-01-14T19:19:13.474Z", "units": 1, "lat": null, "pub_date": "2015-01-14T19:17:44Z", "care": null, "return_policy": null, "is_published": true}, "model": "goods.product", "pk": 205}, {"fields": {"original_price": "235.00", "is_featured": false, "subcategory": [41], "weight": null, "diameter": null, "color": [2], "furnituretype": [2], "height": "19.00", "is_sold": false, "current_price": "235.00", "lng": null, "value_tier": null, "manufacturer": null, "sku": null, "style": [], "segment": [1], "depth": "19.00", "width": "19.00", "has_trial": false, "seat_height": null, "bed_size": "", "store": 26, "category": [], "material": [43], "description": "Think you'd never hear affordable midcentury modern in the same sentence? Well here it is. This side table is handcrafted, made from more economical materials. Luckily, the plywood is pre-finished with a durable material that will provide a trouble free surface for a long time. So, now you just have to find your Don Draper.", "short_name": "Valencia Walnut Plywood Side Table", "color_description": "", "added_date": "2015-01-14T19:45:33.907Z", "units": 1, "lat": null, "pub_date": "2015-01-14T19:41:34Z", "care": null, "return_policy": null, "is_published": true}, "model": "goods.product", "pk": 206}, {"fields": {"original_price": "95.00", "is_featured": false, "subcategory": [41], "weight": null, "diameter": null, "color": [2], "furnituretype": [2], "height": "14.75", "is_sold": false, "current_price": "95.00", "lng": null, "value_tier": null, "manufacturer": null, "sku": null, "style": [], "segment": [1], "depth": null, "width": "15.50", "has_trial": false, "seat_height": null, "bed_size": "", "store": 26, "category": [], "material": [43], "description": "Want that midcentury modern look, without the steep price tag? This triangle stand is perfect. It shows some character... because not all tables have to be round or square. Made with more economical material (plywood surface and solid ash legs), it exhibits the same craftsmanship of a solid wood piece. ", "short_name": "Valencia Triangle Stand", "color_description": "", "added_date": "2015-01-14T19:47:30.787Z", "units": 1, "lat": null, "pub_date": "2015-01-14T19:46:06Z", "care": null, "return_policy": null, "is_published": true}, "model": "goods.product", "pk": 207}, {"fields": {"original_price": "1495.00", "is_featured": false, "subcategory": [58], "weight": null, "diameter": null, "color": [8], "furnituretype": [1], "height": "28.00", "is_sold": false, "current_price": "1495.00", "lng": null, "value_tier": null, "manufacturer": null, "sku": null, "style": [], "segment": [1], "depth": "32.00", "width": "30.00", "has_trial": true, "seat_height": null, "bed_size": "", "store": 24, "category": [], "material": [3], "description": "A nod to '40s Chinoiserie but updated for today. 100% cotton velvet upholstery. It'll surely bring a touch of glam to any room.", "short_name": "Doris Arm Chair", "color_description": "", "added_date": "2015-01-14T19:56:54.876Z", "units": 1, "lat": null, "pub_date": "2015-01-14T19:54:44Z", "care": null, "return_policy": null, "is_published": true}, "model": "goods.product", "pk": 208}, {"fields": {"original_price": "42.50", "is_featured": false, "subcategory": [62], "weight": null, "diameter": null, "color": [], "furnituretype": [5], "height": null, "is_sold": true, "current_price": "42.50", "lng": null, "value_tier": null, "manufacturer": null, "sku": null, "style": [], "segment": [2], "depth": null, "width": null, "has_trial": false, "seat_height": null, "bed_size": "", "store": 27, "category": [], "material": [], "description": "", "short_name": "Golden Poodle", "color_description": "", "added_date": "2015-01-16T16:11:49.385Z", "units": 1, "lat": null, "pub_date": "2015-01-16T16:07:47Z", "care": null, "return_policy": null, "is_published": true}, "model": "goods.product", "pk": 209}, {"fields": {"original_price": "175.00", "is_featured": false, "subcategory": [65], "weight": null, "diameter": null, "color": [], "furnituretype": [], "height": null, "is_sold": true, "current_price": "175.00", "lng": null, "value_tier": null, "manufacturer": null, "sku": null, "style": [], "segment": [2], "depth": null, "width": null, "has_trial": false, "seat_height": null, "bed_size": "", "store": 27, "category": [7], "material": [], "description": "", "short_name": "Mariposa lamp", "color_description": "", "added_date": "2015-01-16T16:19:18.599Z", "units": 1, "lat": null, "pub_date": "2015-01-16T16:12:19Z", "care": null, "return_policy": null, "is_published": true}, "model": "goods.product", "pk": 210}, {"fields": {"original_price": "525.00", "is_featured": false, "subcategory": [58], "weight": null, "diameter": null, "color": [], "furnituretype": [1], "height": null, "is_sold": true, "current_price": "525.00", "lng": null, "value_tier": null, "manufacturer": null, "sku": null, "style": [], "segment": [2], "depth": null, "width": null, "has_trial": false, "seat_height": null, "bed_size": "", "store": 27, "category": [], "material": [], "description": "", "short_name": "Blue Velvet Swivel Chair", "color_description": "", "added_date": "2015-01-16T16:20:57.137Z", "units": 1, "lat": null, "pub_date": "2015-01-16T16:20:15Z", "care": null, "return_policy": null, "is_published": true}, "model": "goods.product", "pk": 211}, {"fields": {"original_price": "625.00", "is_featured": false, "subcategory": [58], "weight": null, "diameter": null, "color": [], "furnituretype": [1], "height": null, "is_sold": true, "current_price": "625.00", "lng": null, "value_tier": null, "manufacturer": null, "sku": null, "style": [], "segment": [2], "depth": null, "width": null, "has_trial": false, "seat_height": null, "bed_size": "", "store": 27, "category": [], "material": [], "description": "", "short_name": "Mrs. Robinson Chair", "color_description": "", "added_date": "2015-01-16T16:22:37.134Z", "units": 1, "lat": null, "pub_date": "2015-01-16T16:21:58Z", "care": null, "return_policy": null, "is_published": true}, "model": "goods.product", "pk": 212}, {"fields": {"original_price": "650.00", "is_featured": false, "subcategory": [36], "weight": null, "diameter": null, "color": [], "furnituretype": [6], "height": null, "is_sold": true, "current_price": "650.00", "lng": null, "value_tier": null, "manufacturer": null, "sku": null, "style": [], "segment": [2], "depth": null, "width": null, "has_trial": false, "seat_height": null, "bed_size": "", "store": 27, "category": [], "material": [], "description": "", "short_name": "MidCentury Broyhill Dresser", "color_description": "", "added_date": "2015-01-16T16:27:07.500Z", "units": 1, "lat": null, "pub_date": "2015-01-16T16:26:29Z", "care": null, "return_policy": null, "is_published": true}, "model": "goods.product", "pk": 213}, {"fields": {"original_price": "2800.00", "is_featured": false, "subcategory": [44], "weight": null, "diameter": null, "color": [], "furnituretype": [3], "height": null, "is_sold": true, "current_price": "2800.00", "lng": null, "value_tier": null, "manufacturer": null, "sku": null, "style": [], "segment": [2], "depth": null, "width": null, "has_trial": true, "seat_height": null, "bed_size": "", "store": 27, "category": [7], "material": [], "description": "", "short_name": "Sejer Ceramic Pendant Lamp", "color_description": "", "added_date": "2015-01-16T16:29:45.878Z", "units": 1, "lat": null, "pub_date": "2015-01-16T16:28:23Z", "care": null, "return_policy": null, "is_published": true}, "model": "goods.product", "pk": 214}, {"fields": {"original_price": "300.00", "is_featured": false, "subcategory": [40], "weight": null, "diameter": null, "color": [], "furnituretype": [], "height": null, "is_sold": false, "current_price": "250.00", "lng": -122.3845881, "value_tier": 1, "manufacturer": null, "sku": null, "style": [], "segment": [], "depth": null, "width": null, "has_trial": true, "seat_height": null, "bed_size": "", "store": 17, "category": [], "material": [], "description": "Test of big ass product", "short_name": "Big ass couch", "color_description": "", "added_date": "2015-01-17T00:18:59.212Z", "units": 1, "lat": 37.7552805, "pub_date": "2015-01-17T00:17:56Z", "care": null, "return_policy": null, "is_published": true}, "model": "goods.product", "pk": 215}, {"fields": {"original_price": "2000.00", "is_featured": false, "subcategory": [40], "weight": null, "diameter": null, "color": [], "furnituretype": [], "height": null, "is_sold": false, "current_price": "3000.00", "lng": -122.4386934, "value_tier": null, "manufacturer": null, "sku": null, "style": [], "segment": [], "depth": null, "width": null, "has_trial": true, "seat_height": null, "bed_size": "", "store": 11, "category": [], "material": [], "description": "", "short_name": "biggest ass couch", "color_description": "", "added_date": "2015-01-17T01:54:44.170Z", "units": 1, "lat": 37.799833, "pub_date": "2015-01-17T01:53:48Z", "care": null, "return_policy": null, "is_published": true}, "model": "goods.product", "pk": 257}, {"fields": {"original_price": "200.00", "is_featured": false, "subcategory": [40], "weight": null, "diameter": null, "color": [], "furnituretype": [], "height": null, "is_sold": false, "current_price": "800.00", "lng": -122.4215952, "value_tier": null, "manufacturer": null, "sku": null, "style": [], "segment": [], "depth": null, "width": null, "has_trial": true, "seat_height": null, "bed_size": "", "store": 14, "category": [], "material": [], "description": "", "short_name": "test_for_hastrial", "color_description": "", "added_date": "2015-01-17T02:06:36.959Z", "units": 1, "lat": 37.7586617, "pub_date": "2015-01-17T02:06:13Z", "care": null, "return_policy": null, "is_published": true}, "model": "goods.product", "pk": 258}, {"fields": {"original_price": "10.00", "is_featured": false, "subcategory": [35], "weight": null, "diameter": null, "color": [], "furnituretype": [], "height": null, "is_sold": false, "current_price": "10.00", "lng": -122.4215552, "value_tier": null, "manufacturer": null, "sku": null, "style": [], "segment": [], "depth": null, "width": null, "has_trial": false, "seat_height": null, "bed_size": "", "store": 15, "category": [], "material": [], "description": "", "short_name": "test_prod2", "color_description": "", "added_date": "2015-01-17T02:08:22.313Z", "units": 1, "lat": 37.7634856, "pub_date": "2015-01-17T02:08:16Z", "care": null, "return_policy": null, "is_published": true}, "model": "goods.product", "pk": 259}, {"fields": {"original_price": "10000.00", "is_featured": false, "subcategory": [54], "weight": null, "diameter": null, "color": [], "furnituretype": [], "height": null, "is_sold": false, "current_price": "1000.00", "lng": -122.4215952, "value_tier": null, "manufacturer": null, "sku": null, "style": [], "segment": [], "depth": null, "width": null, "has_trial": true, "seat_height": null, "bed_size": "", "store": 14, "category": [], "material": [], "description": "", "short_name": "test3_high_price", "color_description": "", "added_date": "2015-01-17T02:08:58.200Z", "units": 1, "lat": 37.7586617, "pub_date": "2015-01-17T02:08:52Z", "care": null, "return_policy": null, "is_published": true}, "model": "goods.product", "pk": 260}, {"fields": {"original_price": "10.00", "is_featured": false, "subcategory": [67], "weight": null, "diameter": null, "color": [], "furnituretype": [], "height": null, "is_sold": false, "current_price": "10.00", "lng": null, "value_tier": null, "manufacturer": null, "sku": null, "style": [], "segment": [], "depth": null, "width": null, "has_trial": true, "seat_height": null, "bed_size": "", "store": 21, "category": [], "material": [], "description": "", "short_name": "test4_couch", "color_description": "", "added_date": "2015-01-17T02:09:34.771Z", "units": 1, "lat": null, "pub_date": "2015-01-17T02:09:24Z", "care": null, "return_policy": null, "is_published": true}, "model": "goods.product", "pk": 261}, {"fields": {"original_price": "300.00", "is_featured": false, "subcategory": [40], "weight": null, "diameter": null, "color": [], "furnituretype": [], "height": null, "is_sold": false, "current_price": "0.00", "lng": -122.4189111, "value_tier": null, "manufacturer": null, "sku": null, "style": [], "segment": [], "depth": null, "width": null, "has_trial": true, "seat_height": null, "bed_size": "", "store": 13, "category": [], "material": [], "description": "", "short_name": "test50", "color_description": "", "added_date": "2015-01-17T02:14:11.302Z", "units": 1, "lat": 37.7867648, "pub_date": "2015-01-17T02:14:03Z", "care": null, "return_policy": null, "is_published": true}, "model": "goods.product", "pk": 262}, {"fields": {"original_price": "2000.00", "is_featured": false, "subcategory": [35], "weight": null, "diameter": null, "color": [], "furnituretype": [], "height": null, "is_sold": false, "current_price": "20000.00", "lng": -122.4189111, "value_tier": null, "manufacturer": null, "sku": null, "style": [], "segment": [], "depth": null, "width": null, "has_trial": true, "seat_height": null, "bed_size": "", "store": 13, "category": [], "material": [], "description": "", "short_name": "pricey_item", "color_description": "", "added_date": "2015-01-17T02:16:16.578Z", "units": 1, "lat": 37.7867648, "pub_date": "2015-01-17T02:16:10Z", "care": null, "return_policy": null, "is_published": true}, "model": "goods.product", "pk": 263}, {"fields": {"original_price": "1000.00", "is_featured": false, "subcategory": [54], "weight": null, "diameter": null, "color": [], "furnituretype": [], "height": null, "is_sold": false, "current_price": "1500.00", "lng": -122.4386934, "value_tier": null, "manufacturer": null, "sku": null, "style": [], "segment": [], "depth": null, "width": null, "has_trial": true, "seat_height": null, "bed_size": "", "store": 11, "category": [], "material": [], "description": "", "short_name": "pricey2", "color_description": "", "added_date": "2015-01-17T02:17:06.141Z", "units": 1, "lat": 37.799833, "pub_date": "2015-01-17T02:17:01Z", "care": null, "return_policy": null, "is_published": true}, "model": "goods.product", "pk": 264}, {"fields": {"original_price": "20.00", "is_featured": false, "subcategory": [53], "weight": null, "diameter": null, "color": [], "furnituretype": [], "height": null, "is_sold": false, "current_price": "20.00", "lng": -122.4215952, "value_tier": null, "manufacturer": null, "sku": null, "style": [], "segment": [], "depth": null, "width": null, "has_trial": true, "seat_height": null, "bed_size": "", "store": 14, "category": [], "material": [], "description": "", "short_name": "big_item1", "color_description": "", "added_date": "2015-01-17T02:19:13.623Z", "units": 1, "lat": 37.7586617, "pub_date": "2015-01-17T02:18:51Z", "care": null, "return_policy": null, "is_published": true}, "model": "goods.product", "pk": 265}, {"fields": {"original_price": "3000.00", "is_featured": false, "subcategory": [53], "weight": null, "diameter": null, "color": [], "furnituretype": [], "height": null, "is_sold": false, "current_price": "3000.00", "lng": -122.4215952, "value_tier": null, "manufacturer": null, "sku": null, "style": [], "segment": [], "depth": null, "width": null, "has_trial": true, "seat_height": null, "bed_size": "", "store": 14, "category": [], "material": [], "description": "", "short_name": "big test prodt 1000", "color_description": "", "added_date": "2015-01-17T02:28:54.311Z", "units": 1, "lat": 37.7586617, "pub_date": "2015-01-17T02:28:45Z", "care": null, "return_policy": null, "is_published": true}, "model": "goods.product", "pk": 266}, {"fields": {"original_price": "3000.00", "is_featured": false, "subcategory": [67], "weight": null, "diameter": null, "color": [], "furnituretype": [], "height": null, "is_sold": false, "current_price": "3000.00", "lng": -122.399477, "value_tier": null, "manufacturer": null, "sku": null, "style": [], "segment": [], "depth": null, "width": null, "has_trial": true, "seat_height": null, "bed_size": "", "store": 16, "category": [], "material": [], "description": "", "short_name": "big item480", "color_description": "", "added_date": "2015-01-17T02:30:48.421Z", "units": 1, "lat": 37.765331, "pub_date": "2015-01-17T02:30:40Z", "care": null, "return_policy": null, "is_published": true}, "model": "goods.product", "pk": 267}, {"fields": {"original_price": "400.00", "is_featured": false, "subcategory": [53], "weight": null, "diameter": null, "color": [], "furnituretype": [], "height": null, "is_sold": false, "current_price": "400.00", "lng": -122.289611, "value_tier": null, "manufacturer": null, "sku": null, "style": [], "segment": [], "depth": null, "width": null, "has_trial": true, "seat_height": null, "bed_size": "", "store": 18, "category": [], "material": [], "description": "", "short_name": "superduper item", "color_description": "", "added_date": "2015-01-17T02:40:51.358Z", "units": 1, "lat": 37.8624129, "pub_date": "2015-01-17T02:40:28Z", "care": null, "return_policy": null, "is_published": true}, "model": "goods.product", "pk": 269}, {"fields": {"original_price": "0.00", "is_featured": false, "subcategory": [54], "weight": null, "diameter": null, "color": [], "furnituretype": [], "height": null, "is_sold": false, "current_price": "1000.00", "lng": -122.4527855, "value_tier": null, "manufacturer": null, "sku": null, "style": [], "segment": [], "depth": null, "width": null, "has_trial": true, "seat_height": null, "bed_size": "", "store": 12, "category": [], "material": [], "description": "", "short_name": "yet anoterh", "color_description": "", "added_date": "2015-01-17T02:46:43.460Z", "units": 1, "lat": 37.7666193, "pub_date": "2015-01-17T02:46:39Z", "care": null, "return_policy": null, "is_published": true}, "model": "goods.product", "pk": 270}, {"fields": {"original_price": "0.00", "is_featured": false, "subcategory": [35], "weight": null, "diameter": null, "color": [], "furnituretype": [], "height": null, "is_sold": false, "current_price": "100.00", "lng": -122.4215952, "value_tier": null, "manufacturer": null, "sku": null, "style": [], "segment": [], "depth": null, "width": null, "has_trial": false, "seat_height": null, "bed_size": "", "store": 14, "category": [], "material": [], "description": "", "short_name": "test 3000", "color_description": "", "added_date": "2015-01-17T02:47:09.690Z", "units": 1, "lat": 37.7586617, "pub_date": "2015-01-17T02:47:03Z", "care": null, "return_policy": null, "is_published": true}, "model": "goods.product", "pk": 271}, {"fields": {"image": "v1420074951/nwsctylso6brgiysytk5.jpg", "product": 122, "is_main": false}, "model": "goods.productimage", "pk": 36}, {"fields": {"image": "v1420075047/vfunsigsbw6rde7w0oi5.jpg", "product": 121, "is_main": false}, "model": "goods.productimage", "pk": 38}, {"fields": {"image": "v1420075063/lbb6g1nnbqxgd0q7xakd.png", "product": 120, "is_main": false}, "model": "goods.productimage", "pk": 39}, {"fields": {"image": "v1420075095/ubt5sfobevwsvsmynccv.jpg", "product": 119, "is_main": false}, "model": "goods.productimage", "pk": 40}, {"fields": {"image": "v1420075118/n3r6da84umdedevbooxf.jpg", "product": 118, "is_main": false}, "model": "goods.productimage", "pk": 41}, {"fields": {"image": "v1420075156/yjrtvyipou2uhhrm2ow2.jpg", "product": 117, "is_main": false}, "model": "goods.productimage", "pk": 42}, {"fields": {"image": "v1420075203/lny93kwxhlvcva5w58xi.jpg", "product": 115, "is_main": false}, "model": "goods.productimage", "pk": 44}, {"fields": {"image": "v1420075239/xu3zzximr0dxnjtdp6yx.jpg", "product": 114, "is_main": false}, "model": "goods.productimage", "pk": 45}, {"fields": {"image": "v1420075254/yuyjweume4fhont17d2a.jpg", "product": 113, "is_main": false}, "model": "goods.productimage", "pk": 46}, {"fields": {"image": "v1421286982/o9ewqzu2zq4lxzdx0ken.jpg", "product": 112, "is_main": false}, "model": "goods.productimage", "pk": 47}, {"fields": {"image": "v1420075298/ju3uciim1xgfrw6pay8h.jpg", "product": 111, "is_main": false}, "model": "goods.productimage", "pk": 48}, {"fields": {"image": "v1420075318/otys0mzmrexrncfs9vvq.jpg", "product": 110, "is_main": false}, "model": "goods.productimage", "pk": 49}, {"fields": {"image": "v1420075335/ku8tn3rizb9jcdfdajy7.jpg", "product": 109, "is_main": false}, "model": "goods.productimage", "pk": 50}, {"fields": {"image": "v1420075351/g9yomrjja8ixxpsofpta.jpg", "product": 108, "is_main": false}, "model": "goods.productimage", "pk": 51}, {"fields": {"image": "v1420075366/ohotynj4molbhcywyidj.jpg", "product": 107, "is_main": false}, "model": "goods.productimage", "pk": 52}, {"fields": {"image": "v1420075384/olbxjxtnzcm5buvy3cvd.jpg", "product": 106, "is_main": false}, "model": "goods.productimage", "pk": 53}, {"fields": {"image": "v1420075403/tvwbfayomqqpiuxixl4k.jpg", "product": 105, "is_main": false}, "model": "goods.productimage", "pk": 54}, {"fields": {"image": "v1420075419/r4puhuqhbrjn3apbht6y.jpg", "product": 104, "is_main": false}, "model": "goods.productimage", "pk": 55}, {"fields": {"image": "v1420075438/uojoqqnha26ftj18fyvm.jpg", "product": 103, "is_main": false}, "model": "goods.productimage", "pk": 56}, {"fields": {"image": "v1421285363/vcdnhnvacl6wvkbb4bbv.jpg", "product": 102, "is_main": false}, "model": "goods.productimage", "pk": 57}, {"fields": {"image": "v1420075471/j1p27jnk9uencgdghpd1.jpg", "product": 101, "is_main": false}, "model": "goods.productimage", "pk": 58}, {"fields": {"image": "v1420075492/xs5bnwy75xd2rtyi9yxc.jpg", "product": 100, "is_main": false}, "model": "goods.productimage", "pk": 59}, {"fields": {"image": "v1420075530/zpzgwjwchkiiu49f77zc.jpg", "product": 98, "is_main": false}, "model": "goods.productimage", "pk": 61}, {"fields": {"image": "v1420075551/pq5uspvynzetghrrnot5.jpg", "product": 97, "is_main": false}, "model": "goods.productimage", "pk": 62}, {"fields": {"image": "v1420075576/vzmbjgm6ehcvfsuuwg6p.jpg", "product": 96, "is_main": false}, "model": "goods.productimage", "pk": 63}, {"fields": {"image": "v1420075604/kgia31ar2wg5okrph0et.jpg", "product": 95, "is_main": false}, "model": "goods.productimage", "pk": 64}, {"fields": {"image": "v1420075632/xfw3tb0kcswgqwyxf5fd.jpg", "product": 94, "is_main": false}, "model": "goods.productimage", "pk": 65}, {"fields": {"image": "v1420075790/nynrfsfr5hldanuh3qi8.jpg", "product": 93, "is_main": false}, "model": "goods.productimage", "pk": 66}, {"fields": {"image": "v1420075828/ge1pbzszbp4085eylblt.jpg", "product": 92, "is_main": false}, "model": "goods.productimage", "pk": 67}, {"fields": {"image": "v1420075853/qw74qiua7kbxt8qzeogh.jpg", "product": 91, "is_main": false}, "model": "goods.productimage", "pk": 68}, {"fields": {"image": "v1420075886/eizmigq1gc52bnp1miav.jpg", "product": 90, "is_main": false}, "model": "goods.productimage", "pk": 69}, {"fields": {"image": "v1420075910/fzcvnzbkfukvlphln1tx.jpg", "product": 89, "is_main": false}, "model": "goods.productimage", "pk": 70}, {"fields": {"image": "v1420075957/hymslcvyo6htl1lthjah.jpg", "product": 88, "is_main": false}, "model": "goods.productimage", "pk": 71}, {"fields": {"image": "v1420075980/qr2565i8w30tolw097hb.jpg", "product": 87, "is_main": false}, "model": "goods.productimage", "pk": 72}, {"fields": {"image": "v1420076002/zt4pxvrx2gsx5rjbpdvs.jpg", "product": 86, "is_main": false}, "model": "goods.productimage", "pk": 73}, {"fields": {"image": "v1420076025/y7jna6613iprk4i5tuik.jpg", "product": 85, "is_main": false}, "model": "goods.productimage", "pk": 74}, {"fields": {"image": "v1420076053/p1ipesxzwwdkn4mgiuen.jpg", "product": 84, "is_main": false}, "model": "goods.productimage", "pk": 75}, {"fields": {"image": "v1420076082/mnkfh0mjxnzfoxaog28x.jpg", "product": 83, "is_main": false}, "model": "goods.productimage", "pk": 76}, {"fields": {"image": "v1420076114/knymgbegqh3ix0jfyfwd.jpg", "product": 82, "is_main": false}, "model": "goods.productimage", "pk": 77}, {"fields": {"image": "v1420076143/rwsgi8ainpdqugbawekx.jpg", "product": 81, "is_main": false}, "model": "goods.productimage", "pk": 78}, {"fields": {"image": "v1420076191/yrcxzcl2ckngd6kcqcy5.jpg", "product": 80, "is_main": false}, "model": "goods.productimage", "pk": 79}, {"fields": {"image": "v1420076281/dccmxfmvrwzwjan9uhbu.jpg", "product": 77, "is_main": false}, "model": "goods.productimage", "pk": 82}, {"fields": {"image": "v1420076342/ogqvxik4ovoy669qd5u5.png", "product": 76, "is_main": false}, "model": "goods.productimage", "pk": 83}, {"fields": {"image": "v1420078661/xh3jeucd3f8kb0vzay6a.png", "product": 73, "is_main": false}, "model": "goods.productimage", "pk": 86}, {"fields": {"image": "v1420078714/sw2tbewpz50yiqeiigsd.png", "product": 72, "is_main": false}, "model": "goods.productimage", "pk": 87}, {"fields": {"image": "v1420078831/uxfhxbn8z8czxqwqhvjj.png", "product": 69, "is_main": false}, "model": "goods.productimage", "pk": 90}, {"fields": {"image": "v1420079762/kbcnz2dqwehwmd0cijqg.png", "product": 67, "is_main": false}, "model": "goods.productimage", "pk": 92}, {"fields": {"image": "v1420079799/saoe9btyabzz3dilvt1f.png", "product": 66, "is_main": false}, "model": "goods.productimage", "pk": 93}, {"fields": {"image": "v1420079876/zg5zltdt6nvwat1tsk7p.png", "product": 64, "is_main": false}, "model": "goods.productimage", "pk": 95}, {"fields": {"image": "v1420079917/kcmlrqyo7p4udrbjkkxr.png", "product": 63, "is_main": false}, "model": "goods.productimage", "pk": 96}, {"fields": {"image": "v1420079974/z7nhyhfrkmpv4f531g41.png", "product": 62, "is_main": false}, "model": "goods.productimage", "pk": 97}, {"fields": {"image": "v1420080017/fiqjip1o03xeq1akrfmm.png", "product": 61, "is_main": false}, "model": "goods.productimage", "pk": 98}, {"fields": {"image": "v1420080048/w5raa62w2fxqxkwestto.png", "product": 60, "is_main": false}, "model": "goods.productimage", "pk": 99}, {"fields": {"image": "v1420080115/zhesogkrocmicfv0hlbf.png", "product": 59, "is_main": false}, "model": "goods.productimage", "pk": 100}, {"fields": {"image": "v1421023098/wzlwrqo1cvsq9ajz3g1u.jpg", "product": 57, "is_main": false}, "model": "goods.productimage", "pk": 101}, {"fields": {"image": "v1421113150/ohsn9asfpqi1mfeb8adw.jpg", "product": 53, "is_main": false}, "model": "goods.productimage", "pk": 105}, {"fields": {"image": "v1421111723/gmm0vfy0q1bvmgxtnp68.jpg", "product": 51, "is_main": false}, "model": "goods.productimage", "pk": 107}, {"fields": {"image": "v1420080521/hwrvbb0kirn4xtz9e6ib.png", "product": 50, "is_main": false}, "model": "goods.productimage", "pk": 108}, {"fields": {"image": "v1421111984/vji0zbe1mgbcmueosirk.jpg", "product": 47, "is_main": false}, "model": "goods.productimage", "pk": 111}, {"fields": {"image": "v1420080740/eurbi5e3eg8uijo39z7t.png", "product": 46, "is_main": false}, "model": "goods.productimage", "pk": 112}, {"fields": {"image": "v1421111656/mzxzqvn6awtjbi9lyii9.jpg", "product": 45, "is_main": false}, "model": "goods.productimage", "pk": 113}, {"fields": {"image": "v1421111196/qxfvlfaqz3ub5ckjsxr1.jpg", "product": 43, "is_main": false}, "model": "goods.productimage", "pk": 115}, {"fields": {"image": "v1421112034/vbochu8sr9qshoujcobt.jpg", "product": 42, "is_main": false}, "model": "goods.productimage", "pk": 116}, {"fields": {"image": "v1421113056/tcenpr7vvba4thrleris.jpg", "product": 41, "is_main": false}, "model": "goods.productimage", "pk": 117}, {"fields": {"image": "v1421112313/dtlwbl8w0z2ukmd6mrwn.jpg", "product": 38, "is_main": false}, "model": "goods.productimage", "pk": 119}, {"fields": {"image": "v1420081360/dbaipac90kthncf08bb7.png", "product": 34, "is_main": false}, "model": "goods.productimage", "pk": 122}, {"fields": {"image": "v1420332921/dh2mtn5ynyuffnvhxdj5.jpg", "product": 125, "is_main": false}, "model": "goods.productimage", "pk": 124}, {"fields": {"image": "v1420333098/w4rgt6upryexgqznyyqn.jpg", "product": 126, "is_main": false}, "model": "goods.productimage", "pk": 125}, {"fields": {"image": "v1420333233/kwj324gtc3pcbfbdlzay.jpg", "product": 127, "is_main": false}, "model": "goods.productimage", "pk": 126}, {"fields": {"image": "v1420333347/ly5spmmrgqlmi16fnhp2.jpg", "product": 128, "is_main": false}, "model": "goods.productimage", "pk": 127}, {"fields": {"image": "v1420333470/yreajvhx3hir57dqvxpe.jpg", "product": 129, "is_main": false}, "model": "goods.productimage", "pk": 128}, {"fields": {"image": "v1421169432/i3bqg960wldbsixplv38.jpg", "product": 130, "is_main": false}, "model": "goods.productimage", "pk": 129}, {"fields": {"image": "v1420382944/lld7aazufh1lt0igx7wj.jpg", "product": 131, "is_main": false}, "model": "goods.productimage", "pk": 130}, {"fields": {"image": "v1420383164/g3harxfqshkpnafud5af.jpg", "product": 132, "is_main": false}, "model": "goods.productimage", "pk": 131}, {"fields": {"image": "v1420384011/l3oeh0gtxyaycostvaad.jpg", "product": 134, "is_main": false}, "model": "goods.productimage", "pk": 132}, {"fields": {"image": "v1420384418/onndhxxepzierqjb5uuk.jpg", "product": 135, "is_main": false}, "model": "goods.productimage", "pk": 133}, {"fields": {"image": "v1420384596/gtaabebf2hvuittl0lna.jpg", "product": 136, "is_main": false}, "model": "goods.productimage", "pk": 134}, {"fields": {"image": "v1420385414/andpltwzjpvcc520nimg.jpg", "product": 137, "is_main": false}, "model": "goods.productimage", "pk": 135}, {"fields": {"image": "v1420385533/aznndydujhpkeemqbban.jpg", "product": 138, "is_main": false}, "model": "goods.productimage", "pk": 136}, {"fields": {"image": "v1420385649/ju1g2ydalwdgosyk1fvc.jpg", "product": 139, "is_main": false}, "model": "goods.productimage", "pk": 137}, {"fields": {"image": "v1420385962/ndlixddxc1vk9dwdl61i.jpg", "product": 140, "is_main": false}, "model": "goods.productimage", "pk": 138}, {"fields": {"image": "v1420386087/fwtriricjexar2bujjgf.jpg", "product": 141, "is_main": false}, "model": "goods.productimage", "pk": 139}, {"fields": {"image": "v1420388515/mbtynaoogbvszzxpqmcz.jpg", "product": 142, "is_main": false}, "model": "goods.productimage", "pk": 140}, {"fields": {"image": "v1420390487/nynns2bcwigi9x9miuo4.jpg", "product": 143, "is_main": false}, "model": "goods.productimage", "pk": 141}, {"fields": {"image": "v1420390762/uuautn9fkaa9zklp2ebq.jpg", "product": 145, "is_main": false}, "model": "goods.productimage", "pk": 143}, {"fields": {"image": "v1420391061/hyna7p39g4l8ritz0jqt.jpg", "product": 146, "is_main": false}, "model": "goods.productimage", "pk": 144}, {"fields": {"image": "v1420391157/wttjkmnsku0aauxlhz0h.jpg", "product": 147, "is_main": false}, "model": "goods.productimage", "pk": 145}, {"fields": {"image": "v1420774759/zntxg0vaxmvjlwwqgsaq.jpg", "product": 148, "is_main": false}, "model": "goods.productimage", "pk": 146}, {"fields": {"image": "v1420775039/asgh8mag4k1kd1hmysuz.jpg", "product": 149, "is_main": false}, "model": "goods.productimage", "pk": 147}, {"fields": {"image": "v1420775239/pszpfilx58cqqzptkkqx.jpg", "product": 150, "is_main": false}, "model": "goods.productimage", "pk": 148}, {"fields": {"image": "v1420775355/a8brjzpftvikrfu9vdtf.jpg", "product": 151, "is_main": false}, "model": "goods.productimage", "pk": 149}, {"fields": {"image": "v1420775422/lw8nimvlccxujfph9epw.jpg", "product": 152, "is_main": false}, "model": "goods.productimage", "pk": 150}, {"fields": {"image": "v1420775526/qfqfase92dm2pvwajs6h.jpg", "product": 153, "is_main": false}, "model": "goods.productimage", "pk": 151}, {"fields": {"image": "v1420775614/j7elsirx4anh0ucsfusx.jpg", "product": 154, "is_main": false}, "model": "goods.productimage", "pk": 152}, {"fields": {"image": "v1420775722/tcjnth7m80evcyqdkkrv.jpg", "product": 155, "is_main": false}, "model": "goods.productimage", "pk": 153}, {"fields": {"image": "v1420775813/sugrtgypv543sbxvlwxf.jpg", "product": 156, "is_main": false}, "model": "goods.productimage", "pk": 154}, {"fields": {"image": "v1420776312/smu5oga3ucl5qwlr2cxg.png", "product": 157, "is_main": false}, "model": "goods.productimage", "pk": 155}, {"fields": {"image": "v1420776951/ldhaaz69kdbvlz4u3xoy.jpg", "product": 160, "is_main": false}, "model": "goods.productimage", "pk": 158}, {"fields": {"image": "v1420777110/ep2x8g74xowfkojllhdn.jpg", "product": 161, "is_main": false}, "model": "goods.productimage", "pk": 159}, {"fields": {"image": "v1420777198/wouojk7ds5wsltf64ahn.jpg", "product": 162, "is_main": false}, "model": "goods.productimage", "pk": 160}, {"fields": {"image": "v1421023781/qa9op0d3yrlj82whfk0w.jpg", "product": 164, "is_main": false}, "model": "goods.productimage", "pk": 162}, {"fields": {"image": "v1420777470/dyrea7dqmcxnzutpv0du.jpg", "product": 165, "is_main": false}, "model": "goods.productimage", "pk": 163}, {"fields": {"image": "v1420777618/btwhjg2brdyga9xc8c2h.jpg", "product": 167, "is_main": false}, "model": "goods.productimage", "pk": 165}, {"fields": {"image": "v1420777821/fehtpyvhmzivhxzmqgtn.jpg", "product": 169, "is_main": false}, "model": "goods.productimage", "pk": 167}, {"fields": {"image": "v1420778645/a5uiut2dujumlkvcyqu0.jpg", "product": 173, "is_main": false}, "model": "goods.productimage", "pk": 171}, {"fields": {"image": "v1420778746/amxvexibnkjxkmnuanxe.jpg", "product": 174, "is_main": false}, "model": "goods.productimage", "pk": 172}, {"fields": {"image": "v1420778997/sqsis1nwbjedols7pmr9.jpg", "product": 175, "is_main": false}, "model": "goods.productimage", "pk": 173}, {"fields": {"image": "v1420778997/f0xqnzgmjn5tw4d2nyeb.jpg", "product": 175, "is_main": false}, "model": "goods.productimage", "pk": 174}, {"fields": {"image": "v1420779296/vzpi6tyncaaqgaid7ham.jpg", "product": 176, "is_main": false}, "model": "goods.productimage", "pk": 175}, {"fields": {"image": "v1420779872/c6tnjpli7zozubv3klm2.jpg", "product": 178, "is_main": false}, "model": "goods.productimage", "pk": 177}, {"fields": {"image": "v1420780127/npd3gcuzzdo4l0znougb.jpg", "product": 179, "is_main": false}, "model": "goods.productimage", "pk": 178}, {"fields": {"image": "v1420780428/uzotwsrisio2rq3h8uc5.jpg", "product": 180, "is_main": false}, "model": "goods.productimage", "pk": 179}, {"fields": {"image": "v1420780937/ogojrfo0yjippxl8dpp5.jpg", "product": 182, "is_main": false}, "model": "goods.productimage", "pk": 181}, {"fields": {"image": "v1420781256/yygdzka0wfl5jxmmu2n7.jpg", "product": 183, "is_main": false}, "model": "goods.productimage", "pk": 182}, {"fields": {"image": "v1420781937/vf5memjamancgnmyx2xg.jpg", "product": 186, "is_main": false}, "model": "goods.productimage", "pk": 185}, {"fields": {"image": "v1420848944/ak4e3pgrukh7evu0i5r6.jpg", "product": 133, "is_main": false}, "model": "goods.productimage", "pk": 186}, {"fields": {"image": "v1421189348/hvreckzeocklnhkd5nv9.jpg", "product": 187, "is_main": false}, "model": "goods.productimage", "pk": 187}, {"fields": {"image": "v1421189711/gsqjpba66xu0yktxzxvn.jpg", "product": 190, "is_main": false}, "model": "goods.productimage", "pk": 188}, {"fields": {"image": "v1421189879/b5xfxqqlbsb24ve3n00i.jpg", "product": 191, "is_main": false}, "model": "goods.productimage", "pk": 189}, {"fields": {"image": "v1421190016/mm74k6kqfybcynys6kn1.jpg", "product": 192, "is_main": false}, "model": "goods.productimage", "pk": 190}, {"fields": {"image": "v1421190105/l1am2gyvrwe9dk5ijytk.jpg", "product": 193, "is_main": false}, "model": "goods.productimage", "pk": 191}, {"fields": {"image": "v1421255243/hakuxqztxzzyaeeykjuw.jpg", "product": 194, "is_main": false}, "model": "goods.productimage", "pk": 192}, {"fields": {"image": "v1421255393/kwsrog71gheenteb9qrh.jpg", "product": 195, "is_main": false}, "model": "goods.productimage", "pk": 193}, {"fields": {"image": "v1421255789/a0bs0wea6gvjmzgqm9al.jpg", "product": 189, "is_main": false}, "model": "goods.productimage", "pk": 194}, {"fields": {"image": "v1421255920/ip9pkzt9vzwn93galdwq.jpg", "product": 188, "is_main": false}, "model": "goods.productimage", "pk": 195}, {"fields": {"image": "v1421256194/eopsimhaocasvfmqammm.jpg", "product": 196, "is_main": false}, "model": "goods.productimage", "pk": 196}, {"fields": {"image": "v1421256634/y8utbuujbsxnmy5kxpsl.jpg", "product": 197, "is_main": false}, "model": "goods.productimage", "pk": 197}, {"fields": {"image": "v1421257143/nlzlhwifqznzkc7dhjfx.jpg", "product": 198, "is_main": false}, "model": "goods.productimage", "pk": 198}, {"fields": {"image": "v1421257356/zxrnfhtauf46z0pbrylw.jpg", "product": 199, "is_main": false}, "model": "goods.productimage", "pk": 199}, {"fields": {"image": "v1421257766/ozq49ligg9rhjprpbc1r.jpg", "product": 200, "is_main": false}, "model": "goods.productimage", "pk": 200}, {"fields": {"image": "v1421258126/krovhblmer0qbyf5exf8.jpg", "product": 201, "is_main": false}, "model": "goods.productimage", "pk": 201}, {"fields": {"image": "v1421258392/xg6fjkp8evwcsyij3jmq.jpg", "product": 202, "is_main": false}, "model": "goods.productimage", "pk": 202}, {"fields": {"image": "v1421260311/jqtoekfnjw4pr64u0g2l.png", "product": 203, "is_main": false}, "model": "goods.productimage", "pk": 203}, {"fields": {"image": "v1421260648/tnrndhz0bkv3zq359tin.png", "product": 204, "is_main": false}, "model": "goods.productimage", "pk": 204}, {"fields": {"image": "v1421263153/vaub27zuocsf7vumhwlq.jpg", "product": 205, "is_main": false}, "model": "goods.productimage", "pk": 205}, {"fields": {"image": "v1421264896/ydzcqlsf5xkszwsn2bae.jpg", "product": 206, "is_main": false}, "model": "goods.productimage", "pk": 206}, {"fields": {"image": "v1421264850/btngb4lyo6eyumibpajv.jpg", "product": 207, "is_main": false}, "model": "goods.productimage", "pk": 207}, {"fields": {"image": "v1421265415/aloa3txj1mx1c2byhese.png", "product": 208, "is_main": false}, "model": "goods.productimage", "pk": 208}, {"fields": {"image": "v1421424709/rkur81p4khxuhnsyzb3y.jpg", "product": 209, "is_main": false}, "model": "goods.productimage", "pk": 209}, {"fields": {"image": "v1421425158/opex2daotgqavuen86oz.jpg", "product": 210, "is_main": false}, "model": "goods.productimage", "pk": 210}, {"fields": {"image": "v1421425257/nyvnxrpxijfulyseprf9.jpg", "product": 211, "is_main": false}, "model": "goods.productimage", "pk": 211}, {"fields": {"image": "v1421425357/suxf3xhuvcfvu1i1zgrk.jpg", "product": 212, "is_main": false}, "model": "goods.productimage", "pk": 212}, {"fields": {"image": "v1421425627/t5ls6ggbiwcqwr0b0had.jpg", "product": 213, "is_main": false}, "model": "goods.productimage", "pk": 213}, {"fields": {"image": "v1421425785/jvg0edip40gexvhuz1wn.jpg", "product": 214, "is_main": false}, "model": "goods.productimage", "pk": 214}, {"fields": {"owner": 5, "legal_name": "Leftovers Home Consignment", "website": "http://weloveleftovers.com/", "short_name": "Leftovers", "organization_type": "corp."}, "model": "merchants.retailer", "pk": 8}, {"fields": {"owner": 5, "legal_name": "Past Perfect SF", "website": "http://www.pastperfectsf.com/", "short_name": "Past Perfect", "organization_type": "corp."}, "model": "merchants.retailer", "pk": 9}, {"fields": {"owner": 5, "legal_name": "Cavalier Goods", "website": "https://cavaliergoods.com/", "short_name": "Cavalier Goods", "organization_type": "corp."}, "model": "merchants.retailer", "pk": 10}, {"fields": {"owner": 5, "legal_name": "Aldea Home", "website": "https://aldeahome.com/", "short_name": "Aldea Home", "organization_type": "corp."}, "model": "merchants.retailer", "pk": 11}, {"fields": {"owner": 5, "legal_name": "Harrington Galleries", "website": "http://webstore.harringtongalleries.com/", "short_name": "Harrington Galleries", "organization_type": "corp."}, "model": "merchants.retailer", "pk": 12}, {"fields": {"owner": 5, "legal_name": "Big Daddy's Antiques", "website": "http://bdantiques.com/", "short_name": "Big Daddy's Antiques", "organization_type": "corp."}, "model": "merchants.retailer", "pk": 14}, {"fields": {"owner": 5, "legal_name": "Midcentury Modern Finds", "website": "http://www.midcenturymodernfinds.com/", "short_name": "MCMF", "organization_type": "corp."}, "model": "merchants.retailer", "pk": 15}, {"fields": {"owner": 5, "legal_name": "Ohmega Salvage", "website": "http://www.ohmegasalvage.com/", "short_name": "Ohmega Salvage", "organization_type": "corp."}, "model": "merchants.retailer", "pk": 16}, {"fields": {"owner": 5, "legal_name": "Zinc Details", "website": "http://www.zincdetails.com/", "short_name": "Zinc Details", "organization_type": "corp."}, "model": "merchants.retailer", "pk": 17}, {"fields": {"owner": 5, "legal_name": "Carousel Consignment SF ", "website": "http://www.carouselsf.com/", "short_name": "Carousel Consignment ", "organization_type": "corp."}, "model": "merchants.retailer", "pk": 18}, {"fields": {"owner": 5, "legal_name": "Erin Lane", "website": "https://www.etsy.com/shop/ErinLaneEstate", "short_name": "Erin Lane", "organization_type": "indiv"}, "model": "merchants.retailer", "pk": 19}, {"fields": {"owner": 5, "legal_name": "Archivo", "website": "https://www.etsy.com/shop/ARCHIVO", "short_name": "Archivo", "organization_type": "indiv"}, "model": "merchants.retailer", "pk": 20}, {"fields": {"owner": 5, "legal_name": "Funkenwerk", "website": "https://www.etsy.com/shop/Funkenwerk", "short_name": "Funkenwerk", "organization_type": "indiv"}, "model": "merchants.retailer", "pk": 21}, {"fields": {"owner": 5, "legal_name": "jonathan Adler", "website": "http://www.jonathanadler.com/", "short_name": "jonathan Adler", "organization_type": "corp."}, "model": "merchants.retailer", "pk": 22}, {"fields": {"owner": 5, "legal_name": "Ind Lights", "website": "https://www.etsy.com/shop/IndLights", "short_name": "Ind Lights", "organization_type": "indiv"}, "model": "merchants.retailer", "pk": 23}, {"fields": {"owner": 5, "legal_name": "Jeremiah Collection", "website": "https://www.etsy.com/shop/jeremiahcollection", "short_name": "Jeremiah Collection", "organization_type": "indiv"}, "model": "merchants.retailer", "pk": 24}, {"fields": {"owner": 5, "legal_name": "Moo Roo Renew", "website": "http://mooroorenew.com/", "short_name": "Moo Roo Renew", "organization_type": "corp."}, "model": "merchants.retailer", "pk": 25}, {"fields": {"is_logo": false, "image": "v1420131276/hzrkpbi8hgzomo7garlc.jpg", "retailer": 8, "is_main": false}, "model": "merchants.retailerimage", "pk": 2}, {"fields": {"is_logo": false, "image": "v1420131298/n71af2r11aod41gujnvn.jpg", "retailer": 9, "is_main": false}, "model": "merchants.retailerimage", "pk": 3}, {"fields": {"is_logo": false, "image": "v1420131314/xozfn9m7tctkwtej4uxg.jpg", "retailer": 10, "is_main": false}, "model": "merchants.retailerimage", "pk": 4}, {"fields": {"is_logo": false, "image": "v1420131337/pajfthusuz4patdutgjj.jpg", "retailer": 11, "is_main": false}, "model": "merchants.retailerimage", "pk": 5}, {"fields": {"is_logo": false, "image": "v1420131354/dx8kvglh3pgsooorsb2a.png", "retailer": 12, "is_main": false}, "model": "merchants.retailerimage", "pk": 6}, {"fields": {"is_logo": false, "image": "v1420784406/yx77mjq5odq7kxdacxnh.jpg", "retailer": 16, "is_main": false}, "model": "merchants.retailerimage", "pk": 7}, {"fields": {"is_logo": false, "image": "v1420784521/nfzrnc758etwnfq9cwfj.jpg", "retailer": 17, "is_main": false}, "model": "merchants.retailerimage", "pk": 8}, {"fields": {"is_logo": false, "image": "v1420784696/ibzftnjjrln3iqdugnkb.jpg", "retailer": 18, "is_main": false}, "model": "merchants.retailerimage", "pk": 9}, {"fields": {"is_logo": false, "image": "v1420784952/ntzplqwftcxnqxierk4g.jpg", "retailer": 15, "is_main": false}, "model": "merchants.retailerimage", "pk": 10}, {"fields": {"city": "San Francisco", "is_featured": true, "shipper": [], "zipcd": 94109, "street2": "", "retailer": 8, "store_num": "1", "state": "CA", "street": "1350 Vaness Ave", "lat": 37.7883114, "lng": -122.4215497, "description": "Leftovers will make you swoon! Receiving 3-5 deliveries a day, you never know what vintage gems will come in through the door. If you're looking for unique and ever-changing eye candy, Leftovers in the place!"}, "model": "merchants.store", "pk": 10}, {"fields": {"city": "San Francisco", "is_featured": true, "shipper": [], "zipcd": 94123, "street2": "", "retailer": 9, "store_num": "Lombard", "state": "CA", "street": "2246 Lombard St", "lat": 37.799833, "lng": -122.4386934, "description": "Past Perfect is a world renowned antique, vintage and modern collective. Operated by 30 plus independent dealers, you're sure to find something special. Past Perfect carries a range of items, from mid-century modern to antique. New items arrive daily."}, "model": "merchants.store", "pk": 11}, {"fields": {"city": "San Francisco", "is_featured": true, "shipper": [], "zipcd": 94117, "street2": "", "retailer": 9, "store_num": "Stayan", "state": "CA", "street": "854 Stanyan St", "lat": 37.7666193, "lng": -122.4527855, "description": ""}, "model": "merchants.store", "pk": 12}, {"fields": {"city": "San Francisco", "is_featured": true, "shipper": [], "zipcd": 94109, "street2": "", "retailer": 10, "store_num": "1", "state": "CA", "street": "1035 Post St", "lat": 37.7867648, "lng": -122.4189111, "description": "Cavalier is a destination for seekers of all that is uncommon and collected. True to a code that celebrates all that is singular and luxurious, Cavalier showcases carefully curated new, vintage and bespoke pieces. It is the exclusive source for interior designer Jay Jeffers\u2019 debut collection of California\u2010made furniture, as well as the sole stockist for a limited\u2010edition selection of home furnishings and accessories created in partnership with designers from around the world."}, "model": "merchants.store", "pk": 13}, {"fields": {"city": "San Francisco", "is_featured": true, "shipper": [], "zipcd": 94110, "street2": "", "retailer": 11, "store_num": "1", "state": "CA", "street": "890 Valencia St", "lat": 37.7586617, "lng": -122.4215952, "description": "This store was made for home decor addicts. Stop by and see their ever changing room displays, updated daily. You'll truly find one-of-a-kind inspiration for your room or a solution to any design challenge."}, "model": "merchants.store", "pk": 14}, {"fields": {"city": "San Francisco", "is_featured": true, "shipper": [], "zipcd": 94110, "street2": "", "retailer": 12, "store_num": "1", "state": "CA", "street": "599 Valencia St", "lat": 37.7634856, "lng": -122.4215552, "description": "Harrington Galleries is a lifestyle emporium has been a Bay Area landmark for more than 40 years. Specializing in estate liquidation, they sell antiques and vintage furniture. These items are complimented by carefully selected new furniture items... mixing the best of the old with the best of the new. "}, "model": "merchants.store", "pk": 15}, {"fields": {"city": "San Francisco", "is_featured": true, "shipper": [], "zipcd": 94107, "street2": "", "retailer": 14, "store_num": "1", "state": "CA", "street": "1550 17th Street", "lat": 37.765331, "lng": -122.399477, "description": "Big Daddy\u2019s Antiques is a retailer of one-of-a-kind antiques and reproductions from European, Asian, and North American markets. Whether you are looking for that funky one-of-a-kind antique piece, looking to create your own unique piece, or seeking an eclectic location for your next event, Big Daddy\u2019s is the place to be."}, "model": "merchants.store", "pk": 16}, {"fields": {"city": "San Francisco", "is_featured": true, "shipper": [], "zipcd": 94107, "street2": "", "retailer": 15, "store_num": "1", "state": "CA", "street": "435 23rd Street", "lat": null, "lng": null, "description": "Every piece we find is a chance to learn about and appreciate a designer or artist that created a beautiful moment in history - moments that we can all fill our homes and work spaces with to create environments full of sculptural lines, rich tones, and unique details"}, "model": "merchants.store", "pk": 17}, {"fields": {"city": "Berkeley", "is_featured": true, "shipper": [], "zipcd": 94702, "street2": "", "retailer": 16, "store_num": "1", "state": "CA", "street": "2407 San Pablo Avenue", "lat": 37.8624129, "lng": -122.289611, "description": "The name Ohmega is derived from the greek symbol omega, signifying rebirth, and 'ohm's law', the measure of electrical resistance. Ohmega Salvage  builds community through commerce by being a model of reuse, recycling and social exchange. "}, "model": "merchants.store", "pk": 18}, {"fields": {"city": "San Francisco", "is_featured": true, "shipper": [], "zipcd": 94115, "street2": "", "retailer": 17, "store_num": "1", "state": "CA", "street": "1905 Fillmore St ", "lat": 37.787221, "lng": -122.4338055, "description": "Zinc Details is an independently owned showroom, gallery, modern design authority and essential resource for the San Francisco creative community since 1991. Zinc Details assembles an exuberant mix of art, design and craft that is expertly curated from sources around the globe."}, "model": "merchants.store", "pk": 19}, {"fields": {"city": "San Francisco", "is_featured": true, "shipper": [], "zipcd": 94110, "street2": "", "retailer": 18, "store_num": "1", "state": "CA", "street": "2391 Mission St", "lat": 37.7588898, "lng": -122.418831, "description": "Carousel Consignment has a love and flair for circus and all things vintage. They have collected vintage/antique furniture, art, and decor for years, with a fervor bordering on obsession."}, "model": "merchants.store", "pk": 20}, {"fields": {"city": "Oakland", "is_featured": true, "shipper": [], "zipcd": 94607, "street2": "", "retailer": 19, "store_num": "Etsy", "state": "CA", "street": "1635 20th Street", "lat": 37.8158604, "lng": -122.2916461, "description": ""}, "model": "merchants.store", "pk": 21}, {"fields": {"city": "San Francisco", "is_featured": true, "shipper": [], "zipcd": 94110, "street2": "", "retailer": 20, "store_num": "Etsy", "state": "CA", "street": "1 Etsy Street", "lat": null, "lng": null, "description": ""}, "model": "merchants.store", "pk": 22}, {"fields": {"city": "Oakland", "is_featured": true, "shipper": [], "zipcd": 94619, "street2": "", "retailer": 21, "store_num": "Etsy", "state": "CA", "street": "4225 Gregory Street", "lat": null, "lng": null, "description": ""}, "model": "merchants.store", "pk": 23}, {"fields": {"city": "San Francisco", "is_featured": true, "shipper": [], "zipcd": 94115, "street2": "", "retailer": 22, "store_num": "", "state": "CA", "street": "2133 FILLMORE STREET", "lat": 37.7894882, "lng": -122.4341415, "description": ""}, "model": "merchants.store", "pk": 24}, {"fields": {"city": "San Francisco", "is_featured": true, "shipper": [], "zipcd": 94120, "street2": "", "retailer": 23, "store_num": "Etsy", "state": "CA", "street": "PO Box 7775 #34991", "lat": null, "lng": null, "description": ""}, "model": "merchants.store", "pk": 25}, {"fields": {"city": "San Francisco", "is_featured": true, "shipper": [], "zipcd": 94110, "street2": "", "retailer": 24, "store_num": "Etsy", "state": "CA", "street": "3055 23rd st", "lat": 37.7539361, "lng": -122.4133647, "description": ""}, "model": "merchants.store", "pk": 26}, {"fields": {"city": "Charleston", "is_featured": true, "shipper": [], "zipcd": 29401, "street2": "", "retailer": 25, "store_num": "1", "state": "SC", "street": "39 King Street", "lat": 32.772926, "lng": -79.93271, "description": ""}, "model": "merchants.store", "pk": 27}]