[{"fields": {"select": "new"}, "model": "goods.segment", "pk": 1}, {"fields": {"select": "vintage"}, "model": "goods.segment", "pk": 2}, {"fields": {"select": "modern"}, "model": "goods.style", "pk": 5}, {"fields": {"select": "traditional"}, "model": "goods.style", "pk": 6}, {"fields": {"select": "contemporary"}, "model": "goods.style", "pk": 7}, {"fields": {"select": "rustic"}, "model": "goods.style", "pk": 8}, {"fields": {"select": "industrial"}, "model": "goods.style", "pk": 9}, {"fields": {"select": "beach"}, "model": "goods.style", "pk": 10}, {"fields": {"select": "antique"}, "model": "goods.style", "pk": 11}, {"fields": {"select": "asian"}, "model": "goods.style", "pk": 12}, {"fields": {"is_furniture": true, "select": "seating"}, "model": "goods.furnituretype", "pk": 1}, {"fields": {"is_furniture": true, "select": "tables"}, "model": "goods.furnituretype", "pk": 2}, {"fields": {"is_furniture": true, "select": "lighting"}, "model": "goods.furnituretype", "pk": 3}, {"fields": {"is_furniture": false, "select": "decor"}, "model": "goods.furnituretype", "pk": 5}, {"fields": {"is_furniture": true, "select": "storage"}, "model": "goods.furnituretype", "pk": 6}, {"fields": {"is_furniture": true, "select": "beds"}, "model": "goods.furnituretype", "pk": 7}, {"fields": {"is_furniture": false, "select": "other"}, "model": "goods.furnituretype", "pk": 8}, {"fields": {"is_furniture": false, "select": "kitchen"}, "model": "goods.furnituretype", "pk": 9}, {"fields": {"select": "mid"}, "model": "goods.valuetier", "pk": 1}, {"fields": {"select": "value"}, "model": "goods.valuetier", "pk": 2}, {"fields": {"select": "luxury"}, "model": "goods.valuetier", "pk": 3}, {"fields": {"select": null}, "model": "goods.category", "pk": 1}, {"fields": {"select": "living"}, "model": "goods.category", "pk": 3}, {"fields": {"select": "dining"}, "model": "goods.category", "pk": 4}, {"fields": {"select": "bedroom"}, "model": "goods.category", "pk": 5}, {"fields": {"select": "office"}, "model": "goods.category", "pk": 6}, {"fields": {"select": "lighting"}, "model": "goods.category", "pk": 7}, {"fields": {"select": "decor"}, "model": "goods.category", "pk": 8}, {"fields": {"select": "other"}, "model": "goods.category", "pk": 9}, {"fields": {"shipping_charge": null, "trial_product": false, "select": "bar"}, "model": "goods.subcategory", "pk": 35}, {"fields": {"shipping_charge": null, "trial_product": true, "select": "dresser"}, "model": "goods.subcategory", "pk": 36}, {"fields": {"shipping_charge": null, "trial_product": true, "select": "sofa"}, "model": "goods.subcategory", "pk": 40}, {"fields": {"shipping_charge": null, "trial_product": false, "select": "table - small"}, "model": "goods.subcategory", "pk": 41}, {"fields": {"shipping_charge": null, "trial_product": false, "select": "pillow"}, "model": "goods.subcategory", "pk": 43}, {"fields": {"shipping_charge": null, "trial_product": false, "select": "lighting - other"}, "model": "goods.subcategory", "pk": 44}, {"fields": {"shipping_charge": null, "trial_product": false, "select": "ottoman"}, "model": "goods.subcategory", "pk": 45}, {"fields": {"shipping_charge": null, "trial_product": false, "select": "mirror"}, "model": "goods.subcategory", "pk": 47}, {"fields": {"shipping_charge": null, "trial_product": false, "select": "media"}, "model": "goods.subcategory", "pk": 48}, {"fields": {"shipping_charge": null, "trial_product": true, "select": "loveseat"}, "model": "goods.subcategory", "pk": 49}, {"fields": {"shipping_charge": null, "trial_product": false, "select": "kitchen and serving"}, "model": "goods.subcategory", "pk": 50}, {"fields": {"shipping_charge": null, "trial_product": true, "select": "armoire"}, "model": "goods.subcategory", "pk": 53}, {"fields": {"shipping_charge": null, "trial_product": false, "select": "bar stool"}, "model": "goods.subcategory", "pk": 54}, {"fields": {"shipping_charge": null, "trial_product": false, "select": "bed"}, "model": "goods.subcategory", "pk": 55}, {"fields": {"shipping_charge": null, "trial_product": false, "select": "bench"}, "model": "goods.subcategory", "pk": 56}, {"fields": {"shipping_charge": null, "trial_product": false, "select": "chair - dining"}, "model": "goods.subcategory", "pk": 57}, {"fields": {"shipping_charge": null, "trial_product": false, "select": "chair - accent"}, "model": "goods.subcategory", "pk": 58}, {"fields": {"shipping_charge": null, "trial_product": true, "select": "chaise"}, "model": "goods.subcategory", "pk": 60}, {"fields": {"shipping_charge": null, "trial_product": false, "select": "decor - wall"}, "model": "goods.subcategory", "pk": 61}, {"fields": {"shipping_charge": null, "trial_product": false, "select": "decor - table"}, "model": "goods.subcategory", "pk": 62}, {"fields": {"shipping_charge": null, "trial_product": false, "select": "decor - other"}, "model": "goods.subcategory", "pk": 63}, {"fields": {"shipping_charge": null, "trial_product": true, "select": "desk"}, "model": "goods.subcategory", "pk": 64}, {"fields": {"shipping_charge": null, "trial_product": false, "select": "lighting - desk"}, "model": "goods.subcategory", "pk": 65}, {"fields": {"shipping_charge": null, "trial_product": false, "select": "lighting - floor"}, "model": "goods.subcategory", "pk": 66}, {"fields": {"shipping_charge": null, "trial_product": true, "select": "cabinet"}, "model": "goods.subcategory", "pk": 67}, {"fields": {"shipping_charge": null, "trial_product": true, "select": "table - large"}, "model": "goods.subcategory", "pk": 68}, {"fields": {"shipping_charge": null, "trial_product": false, "select": "trunk"}, "model": "goods.subcategory", "pk": 69}, {"fields": {"shipping_charge": null, "trial_product": false, "select": "rug"}, "model": "goods.subcategory", "pk": 70}, {"fields": {"shipping_charge": null, "trial_product": false, "select": "throw"}, "model": "goods.subcategory", "pk": 71}, {"fields": {"shipping_charge": null, "trial_product": true, "select": "bookcase"}, "model": "goods.subcategory", "pk": 72}, {"fields": {"shipping_charge": null, "trial_product": false, "select": "chair - desk"}, "model": "goods.subcategory", "pk": 73}, {"fields": {"shipping_charge": null, "trial_product": false, "select": "context"}, "model": "goods.subcategory", "pk": 74}, {"fields": {"select": "Black"}, "model": "goods.color", "pk": 1}, {"fields": {"select": "Brown"}, "model": "goods.color", "pk": 2}, {"fields": {"select": "Clear"}, "model": "goods.color", "pk": 3}, {"fields": {"select": "Silver"}, "model": "goods.color", "pk": 4}, {"fields": {"select": "White"}, "model": "goods.color", "pk": 5}, {"fields": {"select": "Red"}, "model": "goods.color", "pk": 6}, {"fields": {"select": "green"}, "model": "goods.color", "pk": 7}, {"fields": {"select": "Blue"}, "model": "goods.color", "pk": 8}, {"fields": {"select": "Marble"}, "model": "goods.color", "pk": 9}, {"fields": {"select": "Gold"}, "model": "goods.color", "pk": 10}, {"fields": {"select": "Pink"}, "model": "goods.color", "pk": 11}, {"fields": {"select": "Turquoise"}, "model": "goods.color", "pk": 12}, {"fields": {"select": "yellow"}, "model": "goods.color", "pk": 14}, {"fields": {"select": "maroon"}, "model": "goods.color", "pk": 15}, {"fields": {"select": "Purple"}, "model": "goods.color", "pk": 16}, {"fields": {"select": "Light Wood"}, "model": "goods.color", "pk": 17}, {"fields": {"select": "Copper"}, "model": "goods.color", "pk": 18}, {"fields": {"select": "Brass"}, "model": "goods.color", "pk": 19}, {"fields": {"select": "Navy"}, "model": "goods.color", "pk": 20}, {"fields": {"select": "Beige"}, "model": "goods.color", "pk": 21}, {"fields": {"select": "Bronze"}, "model": "goods.color", "pk": 22}, {"fields": {"select": "Steel"}, "model": "goods.color", "pk": 23}, {"fields": {"select": "terra cotta"}, "model": "goods.color", "pk": 24}, {"fields": {"select": "Grey"}, "model": "goods.color", "pk": 25}, {"fields": {"select": "Multicolor"}, "model": "goods.color", "pk": 26}, {"fields": {"select": "Dark Brass"}, "model": "goods.color", "pk": 27}, {"fields": {"select": "Aluminum"}, "model": "goods.color", "pk": 28}, {"fields": {"select": "Orange"}, "model": "goods.color", "pk": 29}, {"fields": {"select": "Cream"}, "model": "goods.color", "pk": 30}, {"fields": {"select": "leather"}, "model": "goods.material", "pk": 1}, {"fields": {"select": "acrylic"}, "model": "goods.material", "pk": 2}, {"fields": {"select": "cotton"}, "model": "goods.material", "pk": 3}, {"fields": {"select": "engineered wood"}, "model": "goods.material", "pk": 4}, {"fields": {"select": "linen"}, "model": "goods.material", "pk": 5}, {"fields": {"select": "fabric "}, "model": "goods.material", "pk": 6}, {"fields": {"select": "polyester"}, "model": "goods.material", "pk": 7}, {"fields": {"select": "wood veneer"}, "model": "goods.material", "pk": 8}, {"fields": {"select": "faux metal"}, "model": "goods.material", "pk": 9}, {"fields": {"select": "ceramic"}, "model": "goods.material", "pk": 10}, {"fields": {"select": "suede"}, "model": "goods.material", "pk": 12}, {"fields": {"select": "wood"}, "model": "goods.material", "pk": 13}, {"fields": {"select": "copper"}, "model": "goods.material", "pk": 14}, {"fields": {"select": "brass"}, "model": "goods.material", "pk": 15}, {"fields": {"select": "cowhide"}, "model": "goods.material", "pk": 16}, {"fields": {"select": "faux alligator"}, "model": "goods.material", "pk": 17}, {"fields": {"select": "cane"}, "model": "goods.material", "pk": 18}, {"fields": {"select": "aluminum"}, "model": "goods.material", "pk": 20}, {"fields": {"select": "velvet"}, "model": "goods.material", "pk": 21}, {"fields": {"select": "glass"}, "model": "goods.material", "pk": 22}, {"fields": {"select": "lucite "}, "model": "goods.material", "pk": 23}, {"fields": {"select": "fiberglass"}, "model": "goods.material", "pk": 24}, {"fields": {"select": "capiz"}, "model": "goods.material", "pk": 26}, {"fields": {"select": "vinyl"}, "model": "goods.material", "pk": 27}, {"fields": {"select": "bronze"}, "model": "goods.material", "pk": 28}, {"fields": {"select": "teak"}, "model": "goods.material", "pk": 29}, {"fields": {"select": "steel"}, "model": "goods.material", "pk": 30}, {"fields": {"select": "terra cotta"}, "model": "goods.material", "pk": 31}, {"fields": {"select": "rattan"}, "model": "goods.material", "pk": 33}, {"fields": {"select": "iron"}, "model": "goods.material", "pk": 34}, {"fields": {"select": "wool"}, "model": "goods.material", "pk": 35}, {"fields": {"select": "crystal"}, "model": "goods.material", "pk": 36}, {"fields": {"select": "marble"}, "model": "goods.material", "pk": 37}, {"fields": {"select": "shell"}, "model": "goods.material", "pk": 38}, {"fields": {"select": "pottery"}, "model": "goods.material", "pk": 39}, {"fields": {"select": "stainless steel"}, "model": "goods.material", "pk": 40}, {"fields": {"select": "metal"}, "model": "goods.material", "pk": 41}, {"fields": {"select": "polypropylene"}, "model": "goods.material", "pk": 42}, {"fields": {"select": "plywood"}, "model": "goods.material", "pk": 43}, {"fields": {"original_price": "405.00", "is_featured": false, "units": 1, "subcategory": [64], "weight": null, "diameter": null, "color": [17], "furnituretype": [2], "height": "31.00", "is_sold": false, "current_price": "405.00", "lng": -122.4215497, "sku": null, "style": [], "segment": [2], "tags": null, "width": "52.00", "seat_height": null, "bed_size": "", "store": 10, "category": [6], "material": [13], "description": "", "short_name": "Wood Desk & Side Table", "color_description": "", "is_avail_now": true, "added_date": "2014-12-31T02:13:53.796Z", "has_trial": true, "lat": 37.7883114, "pub_date": "2014-12-31T02:12:41Z", "slug": "wood-desk-side-table", "manufacturer": null, "delivery_weeks": null, "is_publishable": true, "is_instore": true, "depth": "22.00", "is_published": false}, "model": "goods.product", "pk": 44}, {"fields": {"original_price": "280.00", "is_featured": false, "units": 1, "subcategory": [58], "weight": null, "diameter": null, "color": [1, 5], "furnituretype": [1], "height": null, "is_sold": false, "current_price": "280.00", "lng": -122.4215497, "sku": null, "style": [], "segment": [2], "tags": null, "width": null, "seat_height": null, "bed_size": "", "store": 10, "category": [3], "material": [6], "description": "", "short_name": "Zebra Upholstered Chair", "color_description": "Zebra Print", "is_avail_now": true, "added_date": "2014-12-31T02:15:44.362Z", "has_trial": false, "lat": 37.7883114, "pub_date": "2014-12-31T02:14:30Z", "slug": "zebra-upholstered-chair", "manufacturer": null, "delivery_weeks": null, "is_publishable": true, "is_instore": true, "depth": null, "is_published": false}, "model": "goods.product", "pk": 45}, {"fields": {"original_price": "58.00", "is_featured": false, "units": 1, "subcategory": [63], "weight": null, "diameter": null, "color": [18], "furnituretype": [5], "height": "7.00", "is_sold": false, "current_price": "58.00", "lng": -122.4215497, "sku": null, "style": [], "segment": [2], "tags": null, "width": null, "seat_height": null, "bed_size": "", "store": 10, "category": [8], "material": [14], "description": "", "short_name": "Copper Foo Dogs", "color_description": "Copper", "is_avail_now": true, "added_date": "2014-12-31T02:18:05.935Z", "has_trial": false, "lat": 37.7883114, "pub_date": "2015-01-19T20:35:20.630Z", "slug": "copper-foo-dogs", "manufacturer": null, "delivery_weeks": null, "is_publishable": true, "is_instore": true, "depth": null, "is_published": true}, "model": "goods.product", "pk": 46}, {"fields": {"original_price": "105.00", "is_featured": false, "units": 2, "subcategory": [65], "weight": null, "diameter": null, "color": [1, 19], "furnituretype": [3], "height": "34.00", "is_sold": false, "current_price": "105.00", "lng": -122.4215497, "sku": null, "style": [], "segment": [2], "tags": null, "width": null, "seat_height": null, "bed_size": "", "store": 10, "category": [7], "material": [15], "description": "", "short_name": "Brass Leaf Table Lamp", "color_description": "Brass base, black lamp shade", "is_avail_now": true, "added_date": "2014-12-31T02:20:32.045Z", "has_trial": false, "lat": 37.7883114, "pub_date": "2014-12-31T02:20:28Z", "slug": "brass-leaf-table-lamp", "manufacturer": null, "delivery_weeks": null, "is_publishable": true, "is_instore": true, "depth": null, "is_published": false}, "model": "goods.product", "pk": 47}, {"fields": {"original_price": "1650.00", "is_featured": false, "units": 1, "subcategory": [41], "weight": null, "diameter": null, "color": [4], "furnituretype": [1], "height": "17.00", "is_sold": true, "current_price": "1650.00", "lng": -122.4215497, "sku": null, "style": [], "segment": [2], "tags": null, "width": "60.00", "seat_height": null, "bed_size": "", "store": 10, "category": [3], "material": [16], "description": "", "short_name": "Silver Cowhide Seat", "color_description": "", "is_avail_now": true, "added_date": "2014-12-31T02:22:43.550Z", "has_trial": true, "lat": 37.7883114, "pub_date": "2014-12-31T02:21:45Z", "slug": "silver-cowhide-seat", "manufacturer": null, "delivery_weeks": null, "is_publishable": true, "is_instore": true, "depth": "17.00", "is_published": false}, "model": "goods.product", "pk": 48}, {"fields": {"original_price": "650.00", "is_featured": false, "units": 1, "subcategory": [36], "weight": null, "diameter": null, "color": [20], "furnituretype": [6], "height": "34.00", "is_sold": false, "current_price": "650.00", "lng": -122.4215497, "sku": null, "style": [], "segment": [2], "tags": null, "width": "38.00", "seat_height": null, "bed_size": "", "store": 10, "category": [5], "material": [17], "description": "", "short_name": "Faux Alligator Dresser", "color_description": "", "is_avail_now": true, "added_date": "2014-12-31T02:25:06.891Z", "has_trial": true, "lat": 37.7883114, "pub_date": "2014-12-31T02:23:22Z", "slug": "faux-alligator-dresser", "manufacturer": null, "delivery_weeks": null, "is_publishable": true, "is_instore": true, "depth": "17.00", "is_published": false}, "model": "goods.product", "pk": 49}, {"fields": {"original_price": "620.00", "is_featured": false, "units": 1, "subcategory": [53], "weight": null, "diameter": null, "color": [2], "furnituretype": [6], "height": "76.00", "is_sold": false, "current_price": "620.00", "lng": -122.4215497, "sku": null, "style": [], "segment": [2], "tags": null, "width": "21.00", "seat_height": null, "bed_size": "", "store": 10, "category": [5], "material": [13], "description": "", "short_name": "Moroccan-Style Armoire", "color_description": "", "is_avail_now": true, "added_date": "2014-12-31T02:27:53.267Z", "has_trial": true, "lat": 37.7883114, "pub_date": "2015-01-19T20:35:20.623Z", "slug": "moroccan-style-armoire", "manufacturer": null, "delivery_weeks": null, "is_publishable": true, "is_instore": true, "depth": "16.00", "is_published": true}, "model": "goods.product", "pk": 50}, {"fields": {"original_price": "650.00", "is_featured": false, "units": 1, "subcategory": [58], "weight": null, "diameter": null, "color": [21], "furnituretype": [1], "height": null, "is_sold": false, "current_price": "650.00", "lng": -122.4215497, "sku": null, "style": [], "segment": [2], "tags": null, "width": null, "seat_height": null, "bed_size": "", "store": 10, "category": [4], "material": [18], "description": "", "short_name": "Cane Back Bergere Chair", "color_description": "", "is_avail_now": true, "added_date": "2014-12-31T02:29:46.192Z", "has_trial": false, "lat": 37.7883114, "pub_date": "2014-12-31T02:29:17Z", "slug": "cane-back-bergere-chair", "manufacturer": null, "delivery_weeks": null, "is_publishable": true, "is_instore": true, "depth": null, "is_published": false}, "model": "goods.product", "pk": 51}, {"fields": {"original_price": "575.00", "is_featured": false, "units": 1, "subcategory": [62], "weight": null, "diameter": null, "color": [2], "furnituretype": [5], "height": "31.00", "is_sold": false, "current_price": "575.00", "lng": -122.4215497, "sku": null, "style": [], "segment": [2], "tags": null, "width": null, "seat_height": null, "bed_size": "", "store": 10, "category": [8], "material": [13], "description": "", "short_name": "Hand Carved Decor Piece", "color_description": "", "is_avail_now": true, "added_date": "2014-12-31T02:31:33.950Z", "has_trial": false, "lat": 37.7883114, "pub_date": "2014-12-31T02:30:38Z", "slug": "hand-carved-decor-piece", "manufacturer": null, "delivery_weeks": null, "is_publishable": true, "is_instore": true, "depth": null, "is_published": false}, "model": "goods.product", "pk": 52}, {"fields": {"original_price": "58.00", "is_featured": false, "units": 3, "subcategory": [54], "weight": null, "diameter": null, "color": [4], "furnituretype": [1], "height": null, "is_sold": false, "current_price": "58.00", "lng": -122.4215497, "sku": null, "style": [], "segment": [2], "tags": null, "width": null, "seat_height": null, "bed_size": "", "store": 10, "category": [4], "material": [20], "description": "", "short_name": "Emeco Style Bar Stools", "color_description": "", "is_avail_now": true, "added_date": "2014-12-31T02:34:55.934Z", "has_trial": false, "lat": 37.7883114, "pub_date": "2014-12-31T02:32:32Z", "slug": "emeco-style-bar-stools", "manufacturer": null, "delivery_weeks": null, "is_publishable": true, "is_instore": true, "depth": null, "is_published": false}, "model": "goods.product", "pk": 53}, {"fields": {"original_price": "42.00", "is_featured": false, "units": 4, "subcategory": [43], "weight": null, "diameter": null, "color": [16], "furnituretype": [5], "height": "22.00", "is_sold": false, "current_price": "42.00", "lng": -122.4215497, "sku": null, "style": [], "segment": [2], "tags": null, "width": "22.00", "seat_height": null, "bed_size": "", "store": 10, "category": [8], "material": [3, 21], "description": "", "short_name": "Surya Velvet Pillows", "color_description": "", "is_avail_now": true, "added_date": "2014-12-31T02:37:27.082Z", "has_trial": false, "lat": 37.7883114, "pub_date": "2014-12-31T02:36:26Z", "slug": "surya-velvet-pillows", "manufacturer": null, "delivery_weeks": null, "is_publishable": true, "is_instore": true, "depth": null, "is_published": false}, "model": "goods.product", "pk": 54}, {"fields": {"original_price": "750.00", "is_featured": false, "units": 1, "subcategory": [62], "weight": null, "diameter": null, "color": [22], "furnituretype": [5], "height": "24.00", "is_sold": false, "current_price": "750.00", "lng": -122.4386934, "sku": null, "style": [], "segment": [2], "tags": null, "width": "7.00", "seat_height": null, "bed_size": "", "store": 11, "category": [8], "material": [28], "description": "", "short_name": "Birds In Flight Sculpture", "color_description": "", "is_avail_now": true, "added_date": "2014-12-31T03:22:35.586Z", "has_trial": false, "lat": 37.799833, "pub_date": "2014-12-31T03:21:43Z", "slug": "birds-in-flight-sculpture", "manufacturer": null, "delivery_weeks": null, "is_publishable": true, "is_instore": true, "depth": "6.00", "is_published": false}, "model": "goods.product", "pk": 71}, {"fields": {"original_price": "850.00", "is_featured": false, "units": 1, "subcategory": [64], "weight": null, "diameter": null, "color": [2], "furnituretype": [6, 2], "height": "43.00", "is_sold": false, "current_price": "850.00", "lng": -122.4386934, "sku": null, "style": [], "segment": [2], "tags": null, "width": "34.00", "seat_height": null, "bed_size": "", "store": 11, "category": [6], "material": [29], "description": "", "short_name": "Danish Teak Secretary", "color_description": "", "is_avail_now": true, "added_date": "2014-12-31T03:23:36.026Z", "has_trial": true, "lat": 37.799833, "pub_date": "2015-01-19T20:35:20.615Z", "slug": "danish-teak-secretary", "manufacturer": null, "delivery_weeks": null, "is_publishable": true, "is_instore": true, "depth": "18.00", "is_published": true}, "model": "goods.product", "pk": 72}, {"fields": {"original_price": "5900.00", "is_featured": false, "units": 1, "subcategory": [58], "weight": null, "diameter": null, "color": [1], "furnituretype": [1], "height": "32.00", "is_sold": false, "current_price": "5900.00", "lng": -122.4386934, "sku": null, "style": [], "segment": [2], "tags": null, "width": "33.00", "seat_height": "15.00", "bed_size": "", "store": 11, "category": [3], "material": [1], "description": "Classic Eames design, the 670 lounge chair and 671 ottoman for Herman Miller.\r\nRosewood paneled and black leather upholstery, ottoman is stamp 1979\r\nGreat shape over all for its age, light signs of normal wear.", "short_name": "Eames Rosewood Chair", "color_description": "", "is_avail_now": true, "added_date": "2014-12-31T03:24:52.756Z", "has_trial": true, "lat": 37.799833, "pub_date": "2015-01-19T20:35:20.607Z", "slug": "eames-rosewood-chair", "manufacturer": null, "delivery_weeks": null, "is_publishable": true, "is_instore": true, "depth": "33.00", "is_published": true}, "model": "goods.product", "pk": 73}, {"fields": {"original_price": "1800.00", "is_featured": false, "units": 1, "subcategory": [44], "weight": null, "diameter": null, "color": [3], "furnituretype": [3], "height": "24.00", "is_sold": false, "current_price": "1800.00", "lng": -122.4386934, "sku": null, "style": [], "segment": [2], "tags": null, "width": "19.00", "seat_height": null, "bed_size": "", "store": 11, "category": [7], "material": [22], "description": "", "short_name": "Lightolier Ceiling Light", "color_description": "", "is_avail_now": true, "added_date": "2014-12-31T03:26:18.193Z", "has_trial": true, "lat": 37.799833, "pub_date": "2014-12-31T03:25:43Z", "slug": "lightolier-ceiling-light", "manufacturer": null, "delivery_weeks": null, "is_publishable": true, "is_instore": true, "depth": null, "is_published": false}, "model": "goods.product", "pk": 74}, {"fields": {"original_price": "1750.00", "is_featured": false, "units": 1, "subcategory": [67], "weight": null, "diameter": null, "color": [2], "furnituretype": [6], "height": "33.00", "is_sold": false, "current_price": "1750.00", "lng": -122.4386934, "sku": null, "style": [], "segment": [2], "tags": null, "width": "66.00", "seat_height": null, "bed_size": "", "store": 11, "category": [9], "material": [13], "description": "John Keal for Brown Saltman Mahogany Sideboard\r\nTwo cabinets, with two shelves, four drawers, not shown in photos all the way on it\u2019s bottom there\u2019s a\r\nlong cabinet that would hold the table\u2019s leaves.\r\nCondition, fair/good. Great bones, would need to be refinished to really bring out it\u2019s beauty.", "short_name": "Brown Saltman Sideboard", "color_description": "", "is_avail_now": true, "added_date": "2014-12-31T03:39:54.272Z", "has_trial": true, "lat": 37.799833, "pub_date": "2014-12-31T03:28:48Z", "slug": "brown-saltman-sideboard", "manufacturer": null, "delivery_weeks": null, "is_publishable": true, "is_instore": true, "depth": "20.00", "is_published": false}, "model": "goods.product", "pk": 76}, {"fields": {"original_price": "725.00", "is_featured": false, "units": 1, "subcategory": [45], "weight": null, "diameter": null, "color": [20], "furnituretype": [5, 1], "height": "19.00", "is_sold": false, "current_price": "725.00", "lng": -122.4189111, "sku": null, "style": [], "segment": [1], "tags": null, "width": "20.00", "seat_height": null, "bed_size": "", "store": 13, "category": [3], "material": [5], "description": "Made with navy Irish linen, this item has a beautiful goldenrod applique and magenta trim. Adds style to most any living room.", "short_name": "Maya Ottoman", "color_description": "", "is_avail_now": true, "added_date": "2014-12-31T03:43:36.834Z", "has_trial": false, "lat": 37.7867648, "pub_date": "2014-12-31T03:43:03Z", "slug": "maya-ottoman", "manufacturer": null, "delivery_weeks": null, "is_publishable": true, "is_instore": true, "depth": "20.00", "is_published": true}, "model": "goods.product", "pk": 77}, {"fields": {"original_price": "6500.00", "is_featured": false, "units": 1, "subcategory": [58], "weight": null, "diameter": null, "color": [1], "furnituretype": [1], "height": "30.00", "is_sold": false, "current_price": "6500.00", "lng": -122.4189111, "sku": null, "style": [], "segment": [1], "tags": null, "width": "28.00", "seat_height": null, "bed_size": "", "store": 13, "category": [3], "material": [30], "description": "", "short_name": "Steel \"Frame\" Chair", "color_description": "", "is_avail_now": true, "added_date": "2014-12-31T03:44:51.848Z", "has_trial": true, "lat": 37.7867648, "pub_date": "2014-12-31T03:44:49Z", "slug": "steel-frame-chair", "manufacturer": null, "delivery_weeks": null, "is_publishable": true, "is_instore": true, "depth": "28.00", "is_published": false}, "model": "goods.product", "pk": 78}, {"fields": {"original_price": "6500.00", "is_featured": false, "units": 1, "subcategory": [41], "weight": null, "diameter": null, "color": [1], "furnituretype": [2], "height": "12.00", "is_sold": false, "current_price": "6500.00", "lng": -122.4189111, "sku": null, "style": [], "segment": [1], "tags": null, "width": "32.00", "seat_height": null, "bed_size": "", "store": 13, "category": [3], "material": [30], "description": "", "short_name": "Ducatteau Corner Table", "color_description": "", "is_avail_now": true, "added_date": "2014-12-31T03:46:13.930Z", "has_trial": true, "lat": 37.7867648, "pub_date": "2014-12-31T03:45:24Z", "slug": "ducatteau-corner-table", "manufacturer": null, "delivery_weeks": null, "is_publishable": true, "is_instore": true, "depth": "32.00", "is_published": false}, "model": "goods.product", "pk": 79}, {"fields": {"original_price": "575.00", "is_featured": false, "units": 1, "subcategory": [41], "weight": null, "diameter": "16.00", "color": [1], "furnituretype": [2], "height": "31.00", "is_sold": false, "current_price": "575.00", "lng": -122.4189111, "sku": null, "style": [], "segment": [1], "tags": null, "width": null, "seat_height": null, "bed_size": "", "store": 13, "category": [3], "material": [13], "description": "These occasional tables, designed by Ayush Kasliwal, in hand-turned ebonized Beech wood or Teak, combine traditional ornamented furniture elements, deconstructs them, and recombines them in a contemporary form.", "short_name": "AKMD Annabelle Table", "color_description": "", "is_avail_now": true, "added_date": "2014-12-31T03:47:06.264Z", "has_trial": false, "lat": 37.7867648, "pub_date": "2014-12-31T03:46:39Z", "slug": "akmd-annabelle-table", "manufacturer": null, "delivery_weeks": null, "is_publishable": true, "is_instore": true, "depth": null, "is_published": true}, "model": "goods.product", "pk": 80}, {"fields": {"original_price": "4400.00", "is_featured": false, "units": 1, "subcategory": [44], "weight": null, "diameter": null, "color": [19, 5], "furnituretype": [3], "height": "31.00", "is_sold": false, "current_price": "4400.00", "lng": -122.4189111, "sku": null, "style": [], "segment": [1], "tags": null, "width": "6.00", "seat_height": null, "bed_size": "", "store": 13, "category": [7], "material": [], "description": "Wefts of horsehair are combined with brass and etched glass, implying a structural weight bearing function for the coarse hair. Pretty funky!\r\n\r\nLamping: 2 Type A T10 bulbs. Max 60W each. 25W bulbs included. All pieces made to order.", "short_name": "Horsehair Sconce", "color_description": "", "is_avail_now": true, "added_date": "2014-12-31T04:09:34.865Z", "has_trial": true, "lat": 37.7867648, "pub_date": "2014-12-31T04:08:45Z", "slug": "horsehair-sconce", "manufacturer": null, "delivery_weeks": null, "is_publishable": true, "is_instore": true, "depth": "4.00", "is_published": true}, "model": "goods.product", "pk": 87}, {"fields": {"original_price": "1295.00", "is_featured": false, "units": 1, "subcategory": [65], "weight": null, "diameter": null, "color": [1], "furnituretype": [3], "height": null, "is_sold": false, "current_price": "1295.00", "lng": -122.4189111, "sku": null, "style": [], "segment": [1], "tags": null, "width": null, "seat_height": null, "bed_size": "", "store": 13, "category": [7], "material": [10], "description": "If you're going to get double crossed, we hope it is because you got this lamp. Black glaze with harness detail, don't worry it's a chic and trustworthy piece. ", "short_name": " \"Double Crossed\" Lamp", "color_description": "", "is_avail_now": true, "added_date": "2014-12-31T04:11:02.049Z", "has_trial": true, "lat": 37.7867648, "pub_date": "2014-12-31T04:10:07Z", "slug": "double-crossed-lamp", "manufacturer": null, "delivery_weeks": null, "is_publishable": true, "is_instore": true, "depth": null, "is_published": true}, "model": "goods.product", "pk": 88}, {"fields": {"original_price": "1150.00", "is_featured": false, "units": 1, "subcategory": [44], "weight": null, "diameter": null, "color": [1, 5], "furnituretype": [3], "height": "25.00", "is_sold": false, "current_price": "1150.00", "lng": -122.4189111, "sku": null, "style": [], "segment": [1], "tags": null, "width": "4.00", "seat_height": null, "bed_size": "", "store": 13, "category": [7], "material": [15, 10], "description": "It's all about geometry. or was it trigonometry? These fixtures are a study in repeating triangular and conical shapes. Made with blackened brass and hand cast porcelain cones to emit a delicate glow. Made to order.  \r\n", "short_name": "Dyad Sconce", "color_description": "", "is_avail_now": true, "added_date": "2014-12-31T04:12:50.713Z", "has_trial": true, "lat": 37.7867648, "pub_date": "2014-12-31T04:12:04Z", "slug": "dyad-sconce", "manufacturer": null, "delivery_weeks": null, "is_publishable": true, "is_instore": true, "depth": "6.00", "is_published": true}, "model": "goods.product", "pk": 89}, {"fields": {"original_price": "450.00", "is_featured": false, "units": 1, "subcategory": [62], "weight": null, "diameter": null, "color": [1, 5], "furnituretype": [5], "height": "18.00", "is_sold": false, "current_price": "450.00", "lng": -122.4189111, "sku": null, "style": [], "segment": [1], "tags": null, "width": "18.00", "seat_height": null, "bed_size": "", "store": 13, "category": [8], "material": [], "description": "This Mitchell Black piece fits in with our philosophy --- make a nod to the past, but focus on the present. This is a beautiful mix of traditional art and contemporary style. Used as table or wall art, this piece has an acrylic frame with brushed aluminum standoffs.", "short_name": "Mustache 4 Framed Print", "color_description": "", "is_avail_now": true, "added_date": "2014-12-31T04:13:51.420Z", "has_trial": false, "lat": 37.7867648, "pub_date": "2014-12-31T04:13:27Z", "slug": "mustache-4-framed-print", "manufacturer": null, "delivery_weeks": null, "is_publishable": true, "is_instore": true, "depth": "3.00", "is_published": true}, "model": "goods.product", "pk": 90}, {"fields": {"original_price": "280.00", "is_featured": false, "units": 1, "subcategory": [43], "weight": null, "diameter": null, "color": [9], "furnituretype": [5], "height": "18.00", "is_sold": false, "current_price": "280.00", "lng": -122.4189111, "sku": null, "style": [], "segment": [1], "tags": null, "width": "18.00", "seat_height": null, "bed_size": "", "store": 13, "category": [8], "material": [], "description": "Striking like sunset in the Arizona desert. Each piece is dyed, painted, and printed by hand. This is art that you can interact with, objects that function while bringing style and warmth into any room. Proudly made in Los Angeles by Rule of Three.", "short_name": "Red Desert Pillows", "color_description": "", "is_avail_now": true, "added_date": "2014-12-31T04:15:20.578Z", "has_trial": false, "lat": 37.7867648, "pub_date": "2014-12-31T04:14:55Z", "slug": "red-desert-pillows", "manufacturer": null, "delivery_weeks": null, "is_publishable": true, "is_instore": true, "depth": null, "is_published": true}, "model": "goods.product", "pk": 91}, {"fields": {"original_price": "125.00", "is_featured": false, "units": 1, "subcategory": [62], "weight": null, "diameter": null, "color": [14], "furnituretype": [5], "height": "8.00", "is_sold": false, "current_price": "125.00", "lng": -122.4189111, "sku": null, "style": [], "segment": [1], "tags": null, "width": "7.00", "seat_height": null, "bed_size": "", "store": 13, "category": [8], "material": [2], "description": "Picture frame from Alexandra Von Furstenberg, the queen of acrylic decor. Place your photo between the two sheets of acrylic and then snap them together. What a snap to use!", "short_name": "AVF Acrylic Snap Frame", "color_description": "", "is_avail_now": true, "added_date": "2014-12-31T04:16:45.717Z", "has_trial": false, "lat": 37.7867648, "pub_date": "2014-12-31T04:15:50Z", "slug": "avf-acrylic-snap-frame", "manufacturer": null, "delivery_weeks": null, "is_publishable": true, "is_instore": true, "depth": "1.00", "is_published": true}, "model": "goods.product", "pk": 92}, {"fields": {"original_price": "185.00", "is_featured": false, "units": 1, "subcategory": [62], "weight": null, "diameter": "8.00", "color": [3], "furnituretype": [5], "height": "4.00", "is_sold": false, "current_price": "185.00", "lng": -122.4189111, "sku": null, "style": [], "segment": [1], "tags": null, "width": null, "seat_height": null, "bed_size": "", "store": 13, "category": [8], "material": [22], "description": "You don't have to be a mad scientist to love this cluster vase. Made from an assemblage of smaller bottles, this piece allows you to emphasize the beauty of each flower.", "short_name": "Round Glass Cluster Vase", "color_description": "", "is_avail_now": true, "added_date": "2014-12-31T04:18:00.848Z", "has_trial": false, "lat": 37.7867648, "pub_date": "2014-12-31T04:17:28Z", "slug": "round-glass-cluster-vase", "manufacturer": null, "delivery_weeks": null, "is_publishable": true, "is_instore": true, "depth": null, "is_published": true}, "model": "goods.product", "pk": 93}, {"fields": {"original_price": "3201.00", "is_featured": false, "units": 1, "subcategory": [55], "weight": null, "diameter": null, "color": [2], "furnituretype": [7], "height": "58.00", "is_sold": false, "current_price": "3201.00", "lng": -122.4215952, "sku": null, "style": [], "segment": [1], "tags": null, "width": "81.00", "seat_height": null, "bed_size": "Queen", "store": 14, "category": [5], "material": [13], "description": "A beautifully hand-crafted queen bed build from sustainably harvested and reclaimed woods, so every piece is one of a kind. Bring character to your bedroom, using this piece as a natural focal point. ", "short_name": "Devon Hand Crafted Bed", "color_description": "", "is_avail_now": true, "added_date": "2014-12-31T04:20:14.084Z", "has_trial": true, "lat": 37.7586617, "pub_date": "2014-12-31T04:19:41Z", "slug": "devon-hand-crafted-bed", "manufacturer": null, "delivery_weeks": null, "is_publishable": true, "is_instore": true, "depth": "93.00", "is_published": true}, "model": "goods.product", "pk": 94}, {"fields": {"original_price": "785.00", "is_featured": false, "units": 1, "subcategory": [41], "weight": null, "diameter": null, "color": [2], "furnituretype": [2], "height": "16.00", "is_sold": false, "current_price": "785.00", "lng": -122.4215952, "sku": null, "style": [], "segment": [1], "tags": null, "width": "28.00", "seat_height": null, "bed_size": "", "store": 14, "category": [3], "material": [13], "description": "This hand-crafted piece was built from exotic demolition hardwoods. It features a patchwork surface, balancing urban aesthetic with sustainable design. You can't get cooler than that.", "short_name": "Landon Coffee Table", "color_description": "", "is_avail_now": true, "added_date": "2014-12-31T04:21:04.465Z", "has_trial": false, "lat": 37.7586617, "pub_date": "2014-12-31T04:20:41Z", "slug": "landon-coffee-table", "manufacturer": null, "delivery_weeks": null, "is_publishable": true, "is_instore": true, "depth": "28.00", "is_published": true}, "model": "goods.product", "pk": 95}, {"fields": {"original_price": "955.00", "is_featured": false, "units": 1, "subcategory": [58], "weight": null, "diameter": null, "color": [25], "furnituretype": [1], "height": "36.00", "is_sold": false, "current_price": "955.00", "lng": -122.4215952, "sku": null, "style": [], "segment": [1], "tags": null, "width": "32.00", "seat_height": null, "bed_size": "", "store": 14, "category": [3], "material": [6], "description": "This is an update on midcentury modern, with tailored box cushions and slim, tapered legs... and if you haven't gotten the memo yet, midcentury modern is so in.", "short_name": "Ranier Chair", "color_description": "", "is_avail_now": true, "added_date": "2014-12-31T04:21:52.126Z", "has_trial": false, "lat": 37.7586617, "pub_date": "2014-12-31T04:21:30Z", "slug": "ranier-chair", "manufacturer": null, "delivery_weeks": null, "is_publishable": true, "is_instore": true, "depth": "37.00", "is_published": true}, "model": "goods.product", "pk": 96}, {"fields": {"original_price": "876.00", "is_featured": false, "units": 1, "subcategory": [41], "weight": null, "diameter": null, "color": [25], "furnituretype": [2], "height": "17.00", "is_sold": false, "current_price": "876.00", "lng": -122.4215952, "sku": null, "style": [], "segment": [1], "tags": null, "width": "9.00", "seat_height": null, "bed_size": "", "store": 14, "category": [3], "material": [30], "description": "A beautiful mix of iron and steel that features an antique nickel finish. ", "short_name": "Element Coffee Table", "color_description": "", "is_avail_now": true, "added_date": "2014-12-31T04:22:52.369Z", "has_trial": false, "lat": 37.7586617, "pub_date": "2014-12-31T04:22:21Z", "slug": "element-coffee-table", "manufacturer": null, "delivery_weeks": null, "is_publishable": true, "is_instore": true, "depth": "28.00", "is_published": false}, "model": "goods.product", "pk": 97}, {"fields": {"original_price": "1195.00", "is_featured": false, "units": 1, "subcategory": [58], "weight": null, "diameter": null, "color": [25], "furnituretype": [1], "height": "35.00", "is_sold": false, "current_price": "1195.00", "lng": -122.4215952, "sku": null, "style": [], "segment": [1], "tags": null, "width": "30.00", "seat_height": null, "bed_size": "", "store": 14, "category": [3], "material": [6], "description": "With its rounded high back and swiveling base, have you ever seen anything so smooth? Only a limited amount in stock.", "short_name": "Grazia Glider Chair", "color_description": "", "is_avail_now": true, "added_date": "2014-12-31T04:24:02.253Z", "has_trial": true, "lat": 37.7586617, "pub_date": "2014-12-31T04:23:17Z", "slug": "grazia-glider-chair", "manufacturer": null, "delivery_weeks": null, "is_publishable": true, "is_instore": true, "depth": "32.00", "is_published": true}, "model": "goods.product", "pk": 98}, {"fields": {"original_price": "2520.00", "is_featured": false, "units": 1, "subcategory": [68], "weight": null, "diameter": null, "color": [2], "furnituretype": [2], "height": "30.00", "is_sold": false, "current_price": "2520.00", "lng": -122.4215952, "sku": null, "style": [], "segment": [1], "tags": null, "width": "84.00", "seat_height": null, "bed_size": "", "store": 14, "category": [4], "material": [13], "description": "", "short_name": "Adria Table", "color_description": "", "is_avail_now": true, "added_date": "2014-12-31T04:25:16.907Z", "has_trial": true, "lat": 37.7586617, "pub_date": "2014-12-31T04:24:30Z", "slug": "adria-table", "manufacturer": null, "delivery_weeks": null, "is_publishable": true, "is_instore": true, "depth": "41.25", "is_published": false}, "model": "goods.product", "pk": 99}, {"fields": {"original_price": "1380.00", "is_featured": false, "units": 1, "subcategory": [41], "weight": null, "diameter": null, "color": [2], "furnituretype": [2], "height": "18.00", "is_sold": false, "current_price": "1380.00", "lng": -122.4215952, "sku": null, "style": [], "segment": [1], "tags": null, "width": "24.00", "seat_height": null, "bed_size": "", "store": 14, "category": [3], "material": [13], "description": "Built from reclaimed pine and accented with a cool blue tone, this is definitely not run of the mill.", "short_name": "End Grain Coffee Table", "color_description": "", "is_avail_now": true, "added_date": "2014-12-31T04:27:36.506Z", "has_trial": true, "lat": 37.7586617, "pub_date": "2014-12-31T04:26:46Z", "slug": "end-grain-coffee-table", "manufacturer": null, "delivery_weeks": null, "is_publishable": true, "is_instore": true, "depth": "27.00", "is_published": true}, "model": "goods.product", "pk": 100}, {"fields": {"original_price": "2425.00", "is_featured": false, "units": 1, "subcategory": [55], "weight": null, "diameter": null, "color": [20], "furnituretype": [7], "height": null, "is_sold": false, "current_price": "2425.00", "lng": -122.4215952, "sku": null, "style": [], "segment": [1], "tags": null, "width": null, "seat_height": null, "bed_size": "Q, K, CA K", "store": 14, "category": [5], "material": [7], "description": "Sleep in style in this Art Deco inspired bed. Sleek, linear design married with modern upholstery details makes this a perfect piece for any contemporary bedroom.", "short_name": "Cleo Bed", "color_description": "", "is_avail_now": true, "added_date": "2014-12-31T04:28:19.517Z", "has_trial": true, "lat": 37.7586617, "pub_date": "2014-12-31T04:27:59Z", "slug": "cleo-bed", "manufacturer": null, "delivery_weeks": null, "is_publishable": true, "is_instore": true, "depth": null, "is_published": true}, "model": "goods.product", "pk": 101}, {"fields": {"original_price": "1195.00", "is_featured": false, "units": 1, "subcategory": [55], "weight": null, "diameter": null, "color": [25], "furnituretype": [7], "height": null, "is_sold": false, "current_price": "1195.00", "lng": -122.4215952, "sku": null, "style": [], "segment": [1], "tags": null, "width": null, "seat_height": null, "bed_size": "T, F", "store": 14, "category": [5], "material": [6], "description": "Simple yet sophisticated, this full trundle bed will bring a modern aesthetic and distinct style to your bedroom.", "short_name": "Dorma Bed", "color_description": "", "is_avail_now": true, "added_date": "2014-12-31T04:28:58.183Z", "has_trial": true, "lat": 37.7586617, "pub_date": "2014-12-31T04:28:42Z", "slug": "dorma-bed", "manufacturer": null, "delivery_weeks": null, "is_publishable": true, "is_instore": true, "depth": null, "is_published": true}, "model": "goods.product", "pk": 102}, {"fields": {"original_price": "255.00", "is_featured": false, "units": 1, "subcategory": [50], "weight": null, "diameter": null, "color": [26], "furnituretype": [9], "height": "13.00", "is_sold": false, "current_price": "255.00", "lng": -122.4215952, "sku": null, "style": [], "segment": [1], "tags": null, "width": "25.00", "seat_height": null, "bed_size": "", "store": 14, "category": [8], "material": [], "description": "Made from vintage textile spools, this wine rack's a showstopper.", "short_name": "Spool Wine Rack", "color_description": "", "is_avail_now": true, "added_date": "2014-12-31T04:29:54.189Z", "has_trial": false, "lat": 37.7586617, "pub_date": "2014-12-31T04:29:26Z", "slug": "spool-wine-rack", "manufacturer": null, "delivery_weeks": null, "is_publishable": true, "is_instore": true, "depth": "9.00", "is_published": true}, "model": "goods.product", "pk": 103}, {"fields": {"original_price": "2120.00", "is_featured": false, "units": 1, "subcategory": [55], "weight": null, "diameter": null, "color": [8], "furnituretype": [7], "height": null, "is_sold": false, "current_price": "2120.00", "lng": -122.4215952, "sku": null, "style": [], "segment": [1], "tags": null, "width": null, "seat_height": null, "bed_size": "queen", "store": 14, "category": [5], "material": [6], "description": "The Bihar reminds us of our travels to India, the beautiful colors and hand block printed fabrics. However, these headboards are handmade by craftman in the USA. But, they'll still inspire you to dream about your future travels.", "short_name": "Bihar Queen Bed", "color_description": "", "is_avail_now": true, "added_date": "2014-12-31T04:30:35.548Z", "has_trial": true, "lat": 37.7586617, "pub_date": "2014-12-31T04:30:17Z", "slug": "bihar-queen-bed", "manufacturer": null, "delivery_weeks": null, "is_publishable": true, "is_instore": true, "depth": null, "is_published": true}, "model": "goods.product", "pk": 104}, {"fields": {"original_price": "680.00", "is_featured": false, "units": 1, "subcategory": [58], "weight": null, "diameter": null, "color": [17], "furnituretype": [1], "height": "40.25", "is_sold": false, "current_price": "680.00", "lng": -122.4215952, "sku": null, "style": [], "segment": [1], "tags": null, "width": "28.00", "seat_height": null, "bed_size": "", "store": 14, "category": [3], "material": [33], "description": "Inspired by a european design from the 1960's, this handwoven chair is rustic yet chic. (Note: decorating your space in all things wood is not required).", "short_name": "Anders Chair", "color_description": "", "is_avail_now": true, "added_date": "2014-12-31T04:31:32.593Z", "has_trial": false, "lat": 37.7586617, "pub_date": "2014-12-31T04:30:58Z", "slug": "anders-chair", "manufacturer": null, "delivery_weeks": null, "is_publishable": true, "is_instore": true, "depth": "23.50", "is_published": true}, "model": "goods.product", "pk": 105}, {"fields": {"original_price": "412.00", "is_featured": false, "units": 1, "subcategory": [41], "weight": null, "diameter": "11.50", "color": [2], "furnituretype": [2], "height": "18.25", "is_sold": false, "current_price": "412.00", "lng": -122.4215952, "sku": null, "style": [], "segment": [1], "tags": null, "width": null, "seat_height": null, "bed_size": "", "store": 14, "category": [3], "material": [13], "description": "Don't be square. This handsome hexagon-shaped table is made from a solid chunk of mango wood. The top is covered in antique brass foil to create a subtle contrast in color and texture.", "short_name": "Brassclad Hexagon Table", "color_description": "", "is_avail_now": true, "added_date": "2014-12-31T04:33:11.738Z", "has_trial": false, "lat": 37.7586617, "pub_date": "2014-12-31T04:32:11Z", "slug": "brassclad-hexagon-table", "manufacturer": null, "delivery_weeks": null, "is_publishable": true, "is_instore": true, "depth": null, "is_published": true}, "model": "goods.product", "pk": 106}, {"fields": {"original_price": "1310.00", "is_featured": false, "units": 1, "subcategory": [58], "weight": null, "diameter": null, "color": [25, 26], "furnituretype": [1], "height": "43.00", "is_sold": false, "current_price": "1310.00", "lng": -122.4215952, "sku": null, "style": [], "segment": [1], "tags": null, "width": "28.00", "seat_height": null, "bed_size": "", "store": 14, "category": [3], "material": [6], "description": "Standard design with a splash of personality. Now, just cue up a rerun of ER for the full Clooney experience.", "short_name": "Clooney Chair", "color_description": "", "is_avail_now": true, "added_date": "2014-12-31T04:33:57.589Z", "has_trial": true, "lat": 37.7586617, "pub_date": "2014-12-31T04:33:37Z", "slug": "clooney-chair", "manufacturer": null, "delivery_weeks": null, "is_publishable": true, "is_instore": true, "depth": "34.00", "is_published": true}, "model": "goods.product", "pk": 107}, {"fields": {"original_price": "1660.00", "is_featured": false, "units": 1, "subcategory": [67], "weight": null, "diameter": null, "color": [2], "furnituretype": [6], "height": "86.00", "is_sold": false, "current_price": "1660.00", "lng": -122.4215952, "sku": null, "style": [], "segment": [1], "tags": null, "width": "25.00", "seat_height": null, "bed_size": "", "store": 14, "category": [9], "material": [13], "description": "A perfect antique style linen cabinet made with reclaimed wood and iron. Great for creating an old rustic charm into your home decor.", "short_name": "Ellington Louvre Cabinet", "color_description": "", "is_avail_now": true, "added_date": "2014-12-31T04:38:41.011Z", "has_trial": true, "lat": 37.7586617, "pub_date": "2014-12-31T04:35:28Z", "slug": "ellington-louvre-cabinet", "manufacturer": null, "delivery_weeks": null, "is_publishable": true, "is_instore": true, "depth": "16.00", "is_published": true}, "model": "goods.product", "pk": 108}, {"fields": {"original_price": "1234.00", "is_featured": false, "units": 1, "subcategory": [72], "weight": null, "diameter": null, "color": [2], "furnituretype": [6], "height": "62.50", "is_sold": false, "current_price": "1234.00", "lng": -122.4215952, "sku": null, "style": [], "segment": [1], "tags": null, "width": "36.50", "seat_height": null, "bed_size": "", "store": 14, "category": [9], "material": [13], "description": "Combines modern functionality with woods reclaimed from former buildings. (oh, If that wood could talk, the stories it would tell). Anyway can't you just picture this in a designer loft in Brooklyn?", "short_name": "Hughes Baker Bookcase", "color_description": "", "is_avail_now": true, "added_date": "2014-12-31T04:40:18.516Z", "has_trial": true, "lat": 37.7586617, "pub_date": "2014-12-31T04:39:16Z", "slug": "hughes-baker-bookcase", "manufacturer": null, "delivery_weeks": null, "is_publishable": true, "is_instore": true, "depth": "16.00", "is_published": true}, "model": "goods.product", "pk": 109}, {"fields": {"original_price": "300.00", "is_featured": false, "units": 1, "subcategory": [44], "weight": null, "diameter": null, "color": [14], "furnituretype": [3], "height": "44.00", "is_sold": true, "current_price": "300.00", "lng": -122.4215952, "sku": null, "style": [], "segment": [1], "tags": null, "width": "8.00", "seat_height": null, "bed_size": "", "store": 14, "category": [7], "material": [], "description": "Artist Dana Hemenway takes macrame to a whole new level with these limited edition woven extension cord lights. These unique pieces are visually playful. They add a pop to any room.\r\n\r\nAvailable in custom colors and lengths. These are made to order.", "short_name": "Macrame Hanging Light", "color_description": "", "is_avail_now": true, "added_date": "2014-12-31T04:41:43.688Z", "has_trial": false, "lat": 37.7586617, "pub_date": "2014-12-31T04:41:00Z", "slug": "macrame-hanging-light-1", "manufacturer": null, "delivery_weeks": "", "is_publishable": true, "is_instore": true, "depth": "3.00", "is_published": true}, "model": "goods.product", "pk": 110}, {"fields": {"original_price": "2416.00", "is_featured": false, "units": 1, "subcategory": [44], "weight": null, "diameter": "22.00", "color": [27], "furnituretype": [3], "height": "46.00", "is_sold": true, "current_price": "2416.00", "lng": -122.4215952, "sku": null, "style": [], "segment": [1], "tags": null, "width": null, "seat_height": null, "bed_size": "", "store": 14, "category": [7], "material": [34], "description": "If you're looking for a traditional yet unique statement piece, search no more. This beaded chandelier features impressive metalwork design in its intricate cascades of iron chains. So classy.", "short_name": "Maxim Waterfall Chandelier", "color_description": "", "is_avail_now": true, "added_date": "2014-12-31T04:47:04.053Z", "has_trial": true, "lat": 37.7586617, "pub_date": "2014-12-31T04:46:17Z", "slug": "maxim-waterfall-chandelier-1", "manufacturer": null, "delivery_weeks": "", "is_publishable": true, "is_instore": true, "depth": null, "is_published": true}, "model": "goods.product", "pk": 111}, {"fields": {"original_price": "1960.00", "is_featured": false, "units": 1, "subcategory": [44], "weight": null, "diameter": null, "color": [2, 7], "furnituretype": [3], "height": "38.00", "is_sold": true, "current_price": "1960.00", "lng": -122.4215952, "sku": null, "style": [], "segment": [1], "tags": null, "width": "30.00", "seat_height": null, "bed_size": "", "store": 14, "category": [7], "material": [], "description": "Whimsical and oh so fantastical. This is what fairy tales are made of... or maybe what eco-friendly homes are made of. Regardless, remember it's okay to have a few daring pieces. It's all about how you put it together.", "short_name": "Enchanted Garden Chandelier", "color_description": "", "is_avail_now": true, "added_date": "2014-12-31T04:47:57.301Z", "has_trial": true, "lat": 37.7586617, "pub_date": "2015-01-19T20:24:21Z", "slug": "enchanted-garden-chandelier-1", "manufacturer": null, "delivery_weeks": "", "is_publishable": true, "is_instore": true, "depth": null, "is_published": true}, "model": "goods.product", "pk": 112}, {"fields": {"original_price": "0.00", "is_featured": true, "units": 1, "subcategory": [74], "weight": null, "diameter": null, "color": [], "furnituretype": [], "height": null, "is_sold": false, "current_price": "0.00", "lng": -122.4215497, "sku": null, "style": [], "segment": [], "tags": null, "width": null, "seat_height": null, "bed_size": "", "store": 10, "category": [], "material": [], "description": "", "short_name": "HomepgFeatured", "color_description": "", "is_avail_now": true, "added_date": "2015-01-20T01:26:09.758Z", "has_trial": false, "lat": 37.7883114, "pub_date": "2015-01-20T01:24:32Z", "slug": "homepgfeatured", "manufacturer": null, "delivery_weeks": null, "is_publishable": true, "is_instore": true, "depth": null, "is_published": true}, "model": "goods.product", "pk": 215}, {"fields": {"original_price": "85.55", "is_featured": false, "units": 1, "subcategory": [54], "weight": null, "diameter": null, "color": [], "furnituretype": [], "height": null, "is_sold": false, "current_price": "85.55", "lng": -122.4189111, "sku": null, "style": [], "segment": [], "tags": null, "width": null, "seat_height": null, "bed_size": null, "store": 13, "category": [], "material": [], "description": null, "short_name": "test product", "color_description": null, "is_avail_now": true, "added_date": "2015-01-23T17:01:18.174Z", "has_trial": false, "lat": 37.7867648, "pub_date": null, "slug": "test-product", "manufacturer": null, "delivery_weeks": null, "is_publishable": true, "is_instore": true, "depth": null, "is_published": false}, "model": "goods.product", "pk": 219}, {"fields": {"original_price": "85.55", "is_featured": false, "units": 1, "subcategory": [], "weight": null, "diameter": null, "color": [], "furnituretype": [], "height": "10.00", "is_sold": false, "current_price": "85.55", "lng": -122.4189111, "sku": null, "style": [], "segment": [], "tags": null, "width": "12.00", "seat_height": null, "bed_size": null, "store": 13, "category": [], "material": [], "description": null, "short_name": "test product2", "color_description": null, "is_avail_now": true, "added_date": "2015-01-23T17:05:00.364Z", "has_trial": false, "lat": 37.7867648, "pub_date": null, "slug": "test-product2", "manufacturer": null, "delivery_weeks": null, "is_publishable": true, "is_instore": true, "depth": "20.00", "is_published": false}, "model": "goods.product", "pk": 220}, {"fields": {"original_price": "0.00", "is_featured": false, "units": 1, "subcategory": [54], "weight": null, "diameter": null, "color": [], "furnituretype": [], "height": null, "is_sold": false, "current_price": "0.00", "lng": -122.4527855, "sku": null, "style": [], "segment": [], "tags": null, "width": null, "seat_height": null, "bed_size": "", "store": 12, "category": [], "material": [], "description": "Test", "short_name": "testproduct", "color_description": "", "is_avail_now": true, "added_date": "2015-01-24T05:20:19.480Z", "has_trial": false, "lat": 37.7666193, "pub_date": "2015-01-24T05:20:10Z", "slug": "testproduct", "manufacturer": null, "delivery_weeks": null, "is_publishable": true, "is_instore": true, "depth": null, "is_published": false}, "model": "goods.product", "pk": 221}, {"fields": {"image": "v1421286982/o9ewqzu2zq4lxzdx0ken.jpg", "product": 112, "is_main": false}, "model": "goods.productimage", "pk": 47}, {"fields": {"image": "v1420075298/ju3uciim1xgfrw6pay8h.jpg", "product": 111, "is_main": false}, "model": "goods.productimage", "pk": 48}, {"fields": {"image": "v1420075318/otys0mzmrexrncfs9vvq.jpg", "product": 110, "is_main": false}, "model": "goods.productimage", "pk": 49}, {"fields": {"image": "v1420075335/ku8tn3rizb9jcdfdajy7.jpg", "product": 109, "is_main": false}, "model": "goods.productimage", "pk": 50}, {"fields": {"image": "v1420075351/g9yomrjja8ixxpsofpta.jpg", "product": 108, "is_main": false}, "model": "goods.productimage", "pk": 51}, {"fields": {"image": "v1420075366/ohotynj4molbhcywyidj.jpg", "product": 107, "is_main": false}, "model": "goods.productimage", "pk": 52}, {"fields": {"image": "v1420075384/olbxjxtnzcm5buvy3cvd.jpg", "product": 106, "is_main": false}, "model": "goods.productimage", "pk": 53}, {"fields": {"image": "v1420075403/tvwbfayomqqpiuxixl4k.jpg", "product": 105, "is_main": false}, "model": "goods.productimage", "pk": 54}, {"fields": {"image": "v1420075419/r4puhuqhbrjn3apbht6y.jpg", "product": 104, "is_main": false}, "model": "goods.productimage", "pk": 55}, {"fields": {"image": "v1420075438/uojoqqnha26ftj18fyvm.jpg", "product": 103, "is_main": false}, "model": "goods.productimage", "pk": 56}, {"fields": {"image": "v1421285363/vcdnhnvacl6wvkbb4bbv.jpg", "product": 102, "is_main": false}, "model": "goods.productimage", "pk": 57}, {"fields": {"image": "v1420075471/j1p27jnk9uencgdghpd1.jpg", "product": 101, "is_main": false}, "model": "goods.productimage", "pk": 58}, {"fields": {"image": "v1420075492/xs5bnwy75xd2rtyi9yxc.jpg", "product": 100, "is_main": false}, "model": "goods.productimage", "pk": 59}, {"fields": {"image": "v1420075512/ztqs46m3uokogouqt923.jpg", "product": 99, "is_main": false}, "model": "goods.productimage", "pk": 60}, {"fields": {"image": "v1420075530/zpzgwjwchkiiu49f77zc.jpg", "product": 98, "is_main": false}, "model": "goods.productimage", "pk": 61}, {"fields": {"image": "v1420075551/pq5uspvynzetghrrnot5.jpg", "product": 97, "is_main": false}, "model": "goods.productimage", "pk": 62}, {"fields": {"image": "v1420075576/vzmbjgm6ehcvfsuuwg6p.jpg", "product": 96, "is_main": false}, "model": "goods.productimage", "pk": 63}, {"fields": {"image": "v1420075604/kgia31ar2wg5okrph0et.jpg", "product": 95, "is_main": false}, "model": "goods.productimage", "pk": 64}, {"fields": {"image": "v1420075632/xfw3tb0kcswgqwyxf5fd.jpg", "product": 94, "is_main": false}, "model": "goods.productimage", "pk": 65}, {"fields": {"image": "v1420075790/nynrfsfr5hldanuh3qi8.jpg", "product": 93, "is_main": false}, "model": "goods.productimage", "pk": 66}, {"fields": {"image": "v1420075828/ge1pbzszbp4085eylblt.jpg", "product": 92, "is_main": false}, "model": "goods.productimage", "pk": 67}, {"fields": {"image": "v1420075853/qw74qiua7kbxt8qzeogh.jpg", "product": 91, "is_main": false}, "model": "goods.productimage", "pk": 68}, {"fields": {"image": "v1420075886/eizmigq1gc52bnp1miav.jpg", "product": 90, "is_main": false}, "model": "goods.productimage", "pk": 69}, {"fields": {"image": "v1420075910/fzcvnzbkfukvlphln1tx.jpg", "product": 89, "is_main": false}, "model": "goods.productimage", "pk": 70}, {"fields": {"image": "v1420075957/hymslcvyo6htl1lthjah.jpg", "product": 88, "is_main": false}, "model": "goods.productimage", "pk": 71}, {"fields": {"image": "v1420075980/qr2565i8w30tolw097hb.jpg", "product": 87, "is_main": false}, "model": "goods.productimage", "pk": 72}, {"fields": {"image": "v1420076191/yrcxzcl2ckngd6kcqcy5.jpg", "product": 80, "is_main": false}, "model": "goods.productimage", "pk": 79}, {"fields": {"image": "v1420076216/ngnmlk29kugrjge5b9ky.jpg", "product": 79, "is_main": false}, "model": "goods.productimage", "pk": 80}, {"fields": {"image": "v1420076253/z8g7qhkq5inzdxt463ht.jpg", "product": 78, "is_main": false}, "model": "goods.productimage", "pk": 81}, {"fields": {"image": "v1420076281/dccmxfmvrwzwjan9uhbu.jpg", "product": 77, "is_main": false}, "model": "goods.productimage", "pk": 82}, {"fields": {"image": "v1420076342/ogqvxik4ovoy669qd5u5.png", "product": 76, "is_main": false}, "model": "goods.productimage", "pk": 83}, {"fields": {"image": "v1420078625/bdjtndq0gfzw2sti9h7t.png", "product": 74, "is_main": false}, "model": "goods.productimage", "pk": 85}, {"fields": {"image": "v1420078661/xh3jeucd3f8kb0vzay6a.png", "product": 73, "is_main": false}, "model": "goods.productimage", "pk": 86}, {"fields": {"image": "v1420078714/sw2tbewpz50yiqeiigsd.png", "product": 72, "is_main": false}, "model": "goods.productimage", "pk": 87}, {"fields": {"image": "v1420078765/yzepflcoynnvrm6tdkch.png", "product": 71, "is_main": false}, "model": "goods.productimage", "pk": 88}, {"fields": {"image": "v1420080354/lumchijyazwa19fqggax.png", "product": 54, "is_main": false}, "model": "goods.productimage", "pk": 104}, {"fields": {"image": "v1421113150/ohsn9asfpqi1mfeb8adw.jpg", "product": 53, "is_main": false}, "model": "goods.productimage", "pk": 105}, {"fields": {"image": "v1420080424/aqudfbhmadue1heh0nb7.png", "product": 52, "is_main": false}, "model": "goods.productimage", "pk": 106}, {"fields": {"image": "v1421111723/gmm0vfy0q1bvmgxtnp68.jpg", "product": 51, "is_main": false}, "model": "goods.productimage", "pk": 107}, {"fields": {"image": "v1420080521/hwrvbb0kirn4xtz9e6ib.png", "product": 50, "is_main": false}, "model": "goods.productimage", "pk": 108}, {"fields": {"image": "v1420080557/d6wfddc9xacuktlzfmei.png", "product": 49, "is_main": false}, "model": "goods.productimage", "pk": 109}, {"fields": {"image": "v1420837792/aohgbxukampp7a1vgkds.jpg", "product": 48, "is_main": false}, "model": "goods.productimage", "pk": 110}, {"fields": {"image": "v1421111984/vji0zbe1mgbcmueosirk.jpg", "product": 47, "is_main": false}, "model": "goods.productimage", "pk": 111}, {"fields": {"image": "v1420080740/eurbi5e3eg8uijo39z7t.png", "product": 46, "is_main": false}, "model": "goods.productimage", "pk": 112}, {"fields": {"image": "v1421111656/mzxzqvn6awtjbi9lyii9.jpg", "product": 45, "is_main": false}, "model": "goods.productimage", "pk": 113}, {"fields": {"image": "v1420080804/ybm2cin9mei37vj9csas.png", "product": 44, "is_main": false}, "model": "goods.productimage", "pk": 114}, {"fields": {"image": "v1421717006/g8q11boeoogl76c1vnm0.jpg", "product": 215, "is_main": true}, "model": "goods.productimage", "pk": 215}, {"fields": {"image": "v1421717007/wzbdw6avlvta2uyousfi.jpg", "product": 215, "is_main": false}, "model": "goods.productimage", "pk": 216}, {"fields": {"is_logo": false, "image": "v1420131276/hzrkpbi8hgzomo7garlc.jpg", "retailer": 8, "is_main": false}, "model": "merchants.retailerimage", "pk": 2}, {"fields": {"is_logo": false, "image": "v1420131298/n71af2r11aod41gujnvn.jpg", "retailer": 9, "is_main": false}, "model": "merchants.retailerimage", "pk": 3}, {"fields": {"is_logo": false, "image": "v1420131314/xozfn9m7tctkwtej4uxg.jpg", "retailer": 10, "is_main": false}, "model": "merchants.retailerimage", "pk": 4}, {"fields": {"is_logo": false, "image": "v1420131337/pajfthusuz4patdutgjj.jpg", "retailer": 11, "is_main": false}, "model": "merchants.retailerimage", "pk": 5}, {"fields": {"is_logo": false, "image": "v1420131354/dx8kvglh3pgsooorsb2a.png", "retailer": 12, "is_main": false}, "model": "merchants.retailerimage", "pk": 6}, {"fields": {"is_logo": false, "image": "v1420784406/yx77mjq5odq7kxdacxnh.jpg", "retailer": 16, "is_main": false}, "model": "merchants.retailerimage", "pk": 7}, {"fields": {"is_logo": false, "image": "v1420784521/nfzrnc758etwnfq9cwfj.jpg", "retailer": 17, "is_main": false}, "model": "merchants.retailerimage", "pk": 8}, {"fields": {"is_logo": false, "image": "v1420784696/ibzftnjjrln3iqdugnkb.jpg", "retailer": 18, "is_main": false}, "model": "merchants.retailerimage", "pk": 9}, {"fields": {"is_logo": false, "image": "v1420784952/ntzplqwftcxnqxierk4g.jpg", "retailer": 15, "is_main": false}, "model": "merchants.retailerimage", "pk": 10}, {"fields": {"city": "San Francisco", "is_featured": true, "neighborhood": "Alamo Square", "zipcd": 94109, "has_returns": false, "street2": "", "retailer": 8, "store_num": "1", "state": "CA", "street": "1350 Vaness Ave", "lat": null, "shipper": [], "lng": null, "description": "Leftovers will make you swoon! Receiving 3-5 deliveries a day, you never know what vintage gems will come in through the door. If you're looking for unique and ever-changing eye candy, Leftovers in the place!"}, "model": "merchants.store", "pk": 10}, {"fields": {"city": "San Francisco", "is_featured": true, "neighborhood": "Alamo Square", "zipcd": 94123, "has_returns": false, "street2": "", "retailer": 9, "store_num": "Lombard", "state": "CA", "street": "2246 Lombard St", "lat": null, "shipper": [], "lng": null, "description": "Past Perfect is a world renowned antique, vintage and modern collective. Operated by 30 plus independent dealers, you're sure to find something special. Past Perfect carries a range of items, from mid-century modern to antique. New items arrive daily."}, "model": "merchants.store", "pk": 11}, {"fields": {"city": "San Francisco", "is_featured": false, "neighborhood": "Alamo Square", "zipcd": 94117, "has_returns": false, "street2": "", "retailer": 9, "store_num": "Stayan", "state": "CA", "street": "854 Stanyan St", "lat": null, "shipper": [], "lng": null, "description": ""}, "model": "merchants.store", "pk": 12}, {"fields": {"city": "San Francisco", "is_featured": false, "neighborhood": "Alamo Square", "zipcd": 94109, "has_returns": false, "street2": "", "retailer": 10, "store_num": "1", "state": "CA", "street": "1035 Post St", "lat": null, "shipper": [], "lng": null, "description": "Cavalier is a destination for seekers of all that is uncommon and collected. True to a code that celebrates all that is singular and luxurious, Cavalier showcases carefully curated new, vintage and bespoke pieces. It is the exclusive source for interior designer Jay Jeffers\u2019 debut collection of California\u2010made furniture, as well as the sole stockist for a limited\u2010edition selection of home furnishings and accessories created in partnership with designers from around the world."}, "model": "merchants.store", "pk": 13}, {"fields": {"city": "San Francisco", "is_featured": true, "neighborhood": "Alamo Square", "zipcd": 94110, "has_returns": false, "street2": "", "retailer": 11, "store_num": "1", "state": "CA", "street": "890 Valencia St", "lat": null, "shipper": [], "lng": null, "description": "This store was made for home decor addicts. Stop by and see their ever changing room displays, updated daily. You'll truly find one-of-a-kind inspiration for your room or a solution to any design challenge."}, "model": "merchants.store", "pk": 14}, {"fields": {"city": "San Francisco", "is_featured": true, "neighborhood": "Alamo Square", "zipcd": 94110, "has_returns": false, "street2": "", "retailer": 12, "store_num": "1", "state": "CA", "street": "599 Valencia St", "lat": null, "shipper": [], "lng": null, "description": "Harrington Galleries is a lifestyle emporium has been a Bay Area landmark for more than 40 years. Specializing in estate liquidation, they sell antiques and vintage furniture. These items are complimented by carefully selected new furniture items... mixing the best of the old with the best of the new. "}, "model": "merchants.store", "pk": 15}, {"fields": {"city": "San Francisco", "is_featured": false, "neighborhood": "Alamo Square", "zipcd": 94107, "has_returns": false, "street2": "", "retailer": 14, "store_num": "1", "state": "CA", "street": "1550 17th Street", "lat": null, "shipper": [], "lng": null, "description": "Big Daddy\u2019s Antiques is a retailer of one-of-a-kind antiques and reproductions from European, Asian, and North American markets. Whether you are looking for that funky one-of-a-kind antique piece, looking to create your own unique piece, or seeking an eclectic location for your next event, Big Daddy\u2019s is the place to be."}, "model": "merchants.store", "pk": 16}, {"fields": {"city": "San Francisco", "is_featured": true, "neighborhood": "Alamo Square", "zipcd": 94107, "has_returns": false, "street2": "", "retailer": 15, "store_num": "1", "state": "CA", "street": "435 23rd Street", "lat": null, "shipper": [], "lng": null, "description": "Every piece we find is a chance to learn about and appreciate a designer or artist that created a beautiful moment in history - moments that we can all fill our homes and work spaces with to create environments full of sculptural lines, rich tones, and unique details"}, "model": "merchants.store", "pk": 17}, {"fields": {"city": "Berkeley", "is_featured": true, "neighborhood": "Alamo Square", "zipcd": 94702, "has_returns": false, "street2": "", "retailer": 16, "store_num": "1", "state": "CA", "street": "2407 San Pablo Avenue", "lat": null, "shipper": [], "lng": null, "description": "The name Ohmega is derived from the greek symbol omega, signifying rebirth, and 'ohm's law', the measure of electrical resistance. Ohmega Salvage  builds community through commerce by being a model of reuse, recycling and social exchange. "}, "model": "merchants.store", "pk": 18}, {"fields": {"city": "San Francisco", "is_featured": false, "neighborhood": "Alamo Square", "zipcd": 94115, "has_returns": false, "street2": "", "retailer": 17, "store_num": "1", "state": "CA", "street": "1905 Fillmore St ", "lat": null, "shipper": [], "lng": null, "description": "Zinc Details is an independently owned showroom, gallery, modern design authority and essential resource for the San Francisco creative community since 1991. Zinc Details assembles an exuberant mix of art, design and craft that is expertly curated from sources around the globe."}, "model": "merchants.store", "pk": 19}, {"fields": {"city": "San Francisco", "is_featured": false, "neighborhood": "Alamo Square", "zipcd": 94110, "has_returns": false, "street2": "", "retailer": 18, "store_num": "1", "state": "CA", "street": "2391 Mission St", "lat": null, "shipper": [], "lng": null, "description": "Carousel Consignment has a love and flair for circus and all things vintage. They have collected vintage/antique furniture, art, and decor for years, with a fervor bordering on obsession."}, "model": "merchants.store", "pk": 20}, {"fields": {"city": "Oakland", "is_featured": true, "neighborhood": "Alamo Square", "zipcd": 94607, "has_returns": false, "street2": "", "retailer": 19, "store_num": "Etsy", "state": "CA", "street": "1635 20th Street", "lat": null, "shipper": [], "lng": null, "description": ""}, "model": "merchants.store", "pk": 21}, {"fields": {"city": "San Francisco", "is_featured": false, "neighborhood": "Alamo Square", "zipcd": 94110, "has_returns": false, "street2": "", "retailer": 20, "store_num": "Etsy", "state": "CA", "street": "1 Etsy Street", "lat": null, "shipper": [], "lng": null, "description": ""}, "model": "merchants.store", "pk": 22}, {"fields": {"city": "Oakland", "is_featured": false, "neighborhood": "Alamo Square", "zipcd": 94619, "has_returns": false, "street2": "", "retailer": 21, "store_num": "Etsy", "state": "CA", "street": "4225 Gregory Street", "lat": null, "shipper": [], "lng": null, "description": ""}, "model": "merchants.store", "pk": 23}, {"fields": {"city": "San Francisco", "is_featured": true, "neighborhood": "Alamo Square", "zipcd": 94115, "has_returns": false, "street2": "", "retailer": 22, "store_num": "", "state": "CA", "street": "2133 FILLMORE STREET", "lat": null, "shipper": [], "lng": null, "description": ""}, "model": "merchants.store", "pk": 24}, {"fields": {"city": "San Francisco", "is_featured": true, "neighborhood": "Alamo Square", "zipcd": 94120, "has_returns": false, "street2": "", "retailer": 23, "store_num": "Etsy", "state": "CA", "street": "PO Box 7775 #34991", "lat": null, "shipper": [], "lng": null, "description": ""}, "model": "merchants.store", "pk": 25}, {"fields": {"city": "San Francisco", "is_featured": false, "neighborhood": "Alamo Square", "zipcd": 94110, "has_returns": false, "street2": "", "retailer": 24, "store_num": "Etsy", "state": "CA", "street": "3055 23rd st", "lat": null, "shipper": [], "lng": null, "description": ""}, "model": "merchants.store", "pk": 26}, {"fields": {"city": "Charleston", "is_featured": false, "neighborhood": "Alamo Square", "zipcd": 29401, "has_returns": false, "street2": "", "retailer": 25, "store_num": "1", "state": "SC", "street": "39 King Street", "lat": null, "shipper": [], "lng": null, "description": ""}, "model": "merchants.store", "pk": 27}, {"fields": {"first_name": "", "last_name": "", "groups": [], "is_active": true, "is_merchant": true, "is_superuser": true, "last_login": "2015-01-29T21:26:07.074Z", "in_coverage_area": false, "user_permissions": [], "is_admin": true, "password": "pbkdf2_sha256$12000$oSExec4iDDO8$Dq9s19r8boxtUJE00zj935Ut7OACr8IFfYHXYRcYVgo=", "email": "blakesadams@gmail.com", "date_joined": "2014-12-11T23:02:40.297Z"}, "model": "members.authuser", "pk": 1}, {"fields": {"first_name": "", "last_name": "", "groups": [], "is_active": true, "is_merchant": true, "is_superuser": true, "last_login": "2015-01-14T21:03:21.408Z", "in_coverage_area": false, "user_permissions": [], "is_admin": true, "password": "pbkdf2_sha256$12000$Q8en3HkVyLvx$0rgKWywd/UJtbyXdwdOTVLOEV46HouENWFKzboIk6kA=", "email": "adavis@goturnstile.co", "date_joined": "2014-12-27T16:23:34.418Z"}, "model": "members.authuser", "pk": 5}, {"fields": {"first_name": null, "last_name": null, "groups": [], "is_active": true, "is_merchant": false, "is_superuser": false, "last_login": "2015-01-15T15:56:29.335Z", "in_coverage_area": false, "user_permissions": [], "is_admin": false, "password": "pbkdf2_sha256$12000$nnFcxwBKvzvz$vojTzhYNIXfTf1EXmCTotcD7cULZBCzqC2hdjr03edQ=", "email": "megannease@gmail.com", "date_joined": "2015-01-15T15:56:29.522Z"}, "model": "members.authuser", "pk": 6}, {"fields": {"first_name": null, "last_name": null, "groups": [], "is_active": true, "is_merchant": false, "is_superuser": false, "last_login": "2015-01-18T19:56:14.765Z", "in_coverage_area": false, "user_permissions": [], "is_admin": false, "password": "pbkdf2_sha256$12000$vMcZqVXI1jMX$iXRF3cD0sqXkpnjfuw0DmQTbhcpOMWovt2zhskQoFOk=", "email": "igor@line.ee", "date_joined": "2015-01-18T19:49:43.349Z"}, "model": "members.authuser", "pk": 7}, {"fields": {"first_name": null, "last_name": null, "groups": [], "is_active": false, "is_merchant": false, "is_superuser": false, "last_login": "2015-01-20T21:53:46.254Z", "in_coverage_area": false, "user_permissions": [], "is_admin": false, "password": "pbkdf2_sha256$12000$HCBXTTV8Zw5z$frW1fchypgpwGs76J9WssOueYJ/g1P4OVVNrEzgVlbw=", "email": "testuser@gmail.com", "date_joined": "2015-01-20T21:53:46.315Z"}, "model": "members.authuser", "pk": 19}, {"fields": {"first_name": null, "last_name": null, "groups": [], "is_active": true, "is_merchant": false, "is_superuser": false, "last_login": "2015-01-24T17:43:05.470Z", "in_coverage_area": false, "user_permissions": [], "is_admin": false, "password": "pbkdf2_sha256$12000$k02hZFKnvZdI$uUTFbdBQKXzETp4uW6KydrgX1QkBhrQ09YvR1Dw1+50=", "email": "badams@goturnstile.co", "date_joined": "2015-01-24T17:40:20.871Z"}, "model": "members.authuser", "pk": 28}, {"fields": {"city": "Mountain View", "updated": "2015-01-29T21:26:22.000Z", "authuser": 1, "zipcd": 94040, "billing": false, "timestamp": "2015-01-17T20:50:45.741Z", "street2": null, "shipping": true, "phone": "", "state": "CA", "street": "400 Ortega Ave #300", "lat": null, "lng": null}, "model": "members.authuseraddress", "pk": 1}, {"fields": {"city": "Mountain View", "updated": "2015-01-24T17:43:23.886Z", "authuser": 28, "zipcd": 94040, "billing": false, "timestamp": "2015-01-24T17:43:23.886Z", "street2": null, "shipping": true, "phone": "", "state": "CA", "street": "400 Ortega Ave #300", "lat": null, "lng": null}, "model": "members.authuseraddress", "pk": 4}, {"fields": {"recommended_items": [], "style": [], "authuser": 1, "color": [], "furnituretype": [], "saved_items": [46, 106, 77, 99, 73, 112, 72, 107, 110, 111, 109, 50, 108, 215, 104], "value_tier": []}, "model": "members.authuseractivity", "pk": 13}, {"fields": {"recommended_items": [], "style": [], "authuser": 5, "color": [], "furnituretype": [], "saved_items": [], "value_tier": []}, "model": "members.authuseractivity", "pk": 14}, {"fields": {"recommended_items": [], "style": [], "authuser": 6, "color": [], "furnituretype": [], "saved_items": [], "value_tier": []}, "model": "members.authuseractivity", "pk": 17}, {"fields": {"recommended_items": [], "style": [], "authuser": 7, "color": [], "furnituretype": [], "saved_items": [], "value_tier": []}, "model": "members.authuseractivity", "pk": 20}, {"fields": {"recommended_items": [], "style": [], "authuser": 19, "color": [], "furnituretype": [], "saved_items": [], "value_tier": []}, "model": "members.authuseractivity", "pk": 32}, {"fields": {"recommended_items": [], "style": [], "authuser": 28, "color": [], "furnituretype": [], "saved_items": [], "value_tier": []}, "model": "members.authuseractivity", "pk": 41}, {"fields": {"active": true, "timestamp": "2015-01-09T07:46:44.393Z", "updated": "2015-01-23T23:17:23.725Z", "authuser": 1, "saved_items": [93, 46, 77, 107, 111, 102, 88]}, "model": "members.authusercart", "pk": 1}, {"fields": {"active": true, "timestamp": "2015-01-09T17:57:58.866Z", "updated": "2015-01-17T03:45:24.125Z", "authuser": 5, "saved_items": []}, "model": "members.authusercart", "pk": 2}, {"fields": {"active": true, "timestamp": "2015-01-18T19:56:55.792Z", "updated": "2015-01-18T19:56:55.824Z", "authuser": 7, "saved_items": []}, "model": "members.authusercart", "pk": 4}, {"fields": {"timestamp": "2015-01-16T07:44:52.044Z", "updated": "2015-01-16T07:44:52.044Z", "authuser": 1}, "model": "members.authuserorder", "pk": 1}, {"fields": {"timestamp": "2015-01-17T20:50:45.093Z", "updated": "2015-01-17T20:50:45.093Z", "authuser": 1}, "model": "members.authuserorder", "pk": 2}, {"fields": {"timestamp": "2015-01-17T20:54:13.949Z", "updated": "2015-01-17T20:54:13.949Z", "authuser": 1}, "model": "members.authuserorder", "pk": 3}, {"fields": {"timestamp": "2015-01-18T05:56:57.115Z", "updated": "2015-01-18T05:56:57.115Z", "authuser": 1}, "model": "members.authuserorder", "pk": 4}, {"fields": {"timestamp": "2015-01-22T03:03:12.302Z", "updated": "2015-01-22T03:03:12.302Z", "authuser": 1}, "model": "members.authuserorder", "pk": 6}, {"fields": {"timestamp": "2015-01-23T22:33:21.555Z", "updated": "2015-01-23T22:33:21.555Z", "authuser": 1}, "model": "members.authuserorder", "pk": 7}, {"fields": {"timestamp": "2015-01-23T22:50:46.854Z", "updated": "2015-01-23T22:50:46.854Z", "authuser": 1}, "model": "members.authuserorder", "pk": 8}, {"fields": {"timestamp": "2015-01-23T22:54:44.959Z", "updated": "2015-01-23T22:54:44.959Z", "authuser": 1}, "model": "members.authuserorder", "pk": 9}, {"fields": {"timestamp": "2015-01-23T23:17:22.436Z", "updated": "2015-01-23T23:17:22.436Z", "authuser": 1}, "model": "members.authuserorder", "pk": 10}, {"fields": {"timestamp": "2015-01-24T03:20:21.985Z", "updated": "2015-01-24T03:20:21.985Z", "authuser": 1}, "model": "members.authuserorder", "pk": 11}, {"fields": {"timestamp": "2015-01-24T03:20:37.552Z", "updated": "2015-01-24T03:20:37.552Z", "authuser": 1}, "model": "members.authuserorder", "pk": 12}, {"fields": {"timestamp": "2015-01-24T03:20:51.005Z", "updated": "2015-01-24T03:20:51.005Z", "authuser": 1}, "model": "members.authuserorder", "pk": 13}, {"fields": {"timestamp": "2015-01-24T04:06:45.585Z", "updated": "2015-01-24T04:06:45.586Z", "authuser": 1}, "model": "members.authuserorder", "pk": 14}, {"fields": {"timestamp": "2015-01-24T04:07:43.100Z", "updated": "2015-01-24T04:07:43.100Z", "authuser": 1}, "model": "members.authuserorder", "pk": 15}, {"fields": {"timestamp": "2015-01-24T04:17:26.767Z", "updated": "2015-01-24T04:17:26.767Z", "authuser": 1}, "model": "members.authuserorder", "pk": 16}, {"fields": {"timestamp": "2015-01-24T05:50:19.086Z", "updated": "2015-01-24T05:50:19.086Z", "authuser": 1}, "model": "members.authuserorder", "pk": 17}, {"fields": {"timestamp": "2015-01-24T06:58:11.255Z", "updated": "2015-01-24T06:58:11.255Z", "authuser": 1}, "model": "members.authuserorder", "pk": 18}, {"fields": {"timestamp": "2015-01-24T07:12:59.396Z", "updated": "2015-01-24T07:12:59.396Z", "authuser": 1}, "model": "members.authuserorder", "pk": 19}, {"fields": {"timestamp": "2015-01-24T07:13:48.276Z", "updated": "2015-01-24T07:13:48.276Z", "authuser": 1}, "model": "members.authuserorder", "pk": 20}, {"fields": {"timestamp": "2015-01-24T07:14:05.267Z", "updated": "2015-01-24T07:14:05.267Z", "authuser": 1}, "model": "members.authuserorder", "pk": 21}, {"fields": {"timestamp": "2015-01-24T07:15:51.019Z", "updated": "2015-01-24T07:15:51.019Z", "authuser": 1}, "model": "members.authuserorder", "pk": 22}, {"fields": {"timestamp": "2015-01-24T07:16:44.428Z", "updated": "2015-01-24T07:16:44.428Z", "authuser": 1}, "model": "members.authuserorder", "pk": 23}, {"fields": {"timestamp": "2015-01-24T07:29:37.202Z", "updated": "2015-01-24T07:29:37.202Z", "authuser": 1}, "model": "members.authuserorder", "pk": 24}, {"fields": {"timestamp": "2015-01-24T07:31:06.881Z", "updated": "2015-01-24T07:31:06.881Z", "authuser": 1}, "model": "members.authuserorder", "pk": 25}, {"fields": {"timestamp": "2015-01-24T07:32:04.947Z", "updated": "2015-01-24T07:32:04.947Z", "authuser": 1}, "model": "members.authuserorder", "pk": 26}, {"fields": {"timestamp": "2015-01-24T07:34:11.629Z", "updated": "2015-01-24T07:34:11.629Z", "authuser": 1}, "model": "members.authuserorder", "pk": 27}, {"fields": {"timestamp": "2015-01-24T07:35:01.882Z", "updated": "2015-01-24T07:35:01.882Z", "authuser": 1}, "model": "members.authuserorder", "pk": 28}, {"fields": {"timestamp": "2015-01-24T17:43:23.304Z", "updated": "2015-01-24T17:43:23.304Z", "authuser": 28}, "model": "members.authuserorder", "pk": 35}, {"fields": {"timestamp": "2015-01-24T22:54:57.598Z", "updated": "2015-01-24T22:54:57.598Z", "authuser": 1}, "model": "members.authuserorder", "pk": 36}, {"fields": {"timestamp": "2015-01-25T06:14:51.608Z", "updated": "2015-01-25T06:14:51.609Z", "authuser": 1}, "model": "members.authuserorder", "pk": 37}, {"fields": {"timestamp": "2015-01-25T06:43:43.370Z", "updated": "2015-01-25T06:43:43.370Z", "authuser": 1}, "model": "members.authuserorder", "pk": 38}, {"fields": {"timestamp": "2015-01-26T04:06:21.423Z", "updated": "2015-01-26T04:06:21.423Z", "authuser": 1}, "model": "members.authuserorder", "pk": 39}, {"fields": {"timestamp": "2015-01-28T17:52:51.132Z", "updated": "2015-01-28T17:52:51.132Z", "authuser": 1}, "model": "members.authuserorder", "pk": 40}, {"fields": {"timestamp": "2015-01-28T21:31:09.058Z", "updated": "2015-01-28T21:31:09.058Z", "authuser": 1}, "model": "members.authuserorder", "pk": 41}, {"fields": {"timestamp": "2015-01-28T21:35:51.030Z", "updated": "2015-01-28T21:35:51.030Z", "authuser": 1}, "model": "members.authuserorder", "pk": 42}, {"fields": {"timestamp": "2015-01-29T21:26:21.482Z", "updated": "2015-01-29T21:26:21.482Z", "authuser": 1}, "model": "members.authuserorder", "pk": 43}, {"fields": {"product": 46, "sell_price": "58.00", "captured": false, "order": 7, "capture_time": "2015-01-28T22:33:22.114Z", "quantity": 1}, "model": "members.authuserorderitem", "pk": 9}, {"fields": {"product": 77, "sell_price": "725.00", "captured": false, "order": 8, "capture_time": "2015-01-28T22:50:47.367Z", "quantity": 1}, "model": "members.authuserorderitem", "pk": 10}, {"fields": {"product": 88, "sell_price": "1295.00", "captured": false, "order": 9, "capture_time": "2015-01-28T22:54:45.482Z", "quantity": 1}, "model": "members.authuserorderitem", "pk": 11}, {"fields": {"product": 102, "sell_price": "1195.00", "captured": false, "order": 10, "capture_time": "2015-01-28T23:17:22.828Z", "quantity": 1}, "model": "members.authuserorderitem", "pk": 12}, {"fields": {"product": 46, "sell_price": "58.00", "captured": false, "order": 11, "capture_time": "2015-01-29T03:20:22.431Z", "quantity": 1}, "model": "members.authuserorderitem", "pk": 13}, {"fields": {"product": 73, "sell_price": "5900.00", "captured": false, "order": 12, "capture_time": "2015-01-29T03:20:37.912Z", "quantity": 1}, "model": "members.authuserorderitem", "pk": 14}, {"fields": {"product": 91, "sell_price": "280.00", "captured": false, "order": 13, "capture_time": "2015-01-29T03:20:51.415Z", "quantity": 1}, "model": "members.authuserorderitem", "pk": 15}, {"fields": {"product": 108, "sell_price": "1660.00", "captured": false, "order": 14, "capture_time": "2015-01-29T04:06:47.127Z", "quantity": 1}, "model": "members.authuserorderitem", "pk": 16}, {"fields": {"product": 46, "sell_price": "58.00", "captured": false, "order": 15, "capture_time": "2015-01-29T04:07:43.644Z", "quantity": 1}, "model": "members.authuserorderitem", "pk": 17}, {"fields": {"product": 50, "sell_price": "620.00", "captured": false, "order": 16, "capture_time": "2015-01-29T04:17:27.237Z", "quantity": 1}, "model": "members.authuserorderitem", "pk": 18}, {"fields": {"product": 110, "sell_price": "300.00", "captured": false, "order": 17, "capture_time": "2015-01-29T05:50:19.676Z", "quantity": 1}, "model": "members.authuserorderitem", "pk": 19}, {"fields": {"product": 46, "sell_price": "58.00", "captured": false, "order": 24, "capture_time": "2015-01-29T07:29:37.669Z", "quantity": 1}, "model": "members.authuserorderitem", "pk": 20}, {"fields": {"product": 46, "sell_price": "58.00", "captured": false, "order": 25, "capture_time": "2015-01-29T07:31:07.232Z", "quantity": 1}, "model": "members.authuserorderitem", "pk": 21}, {"fields": {"product": 80, "sell_price": "575.00", "captured": false, "order": 26, "capture_time": "2015-01-29T07:32:05.363Z", "quantity": 1}, "model": "members.authuserorderitem", "pk": 22}, {"fields": {"product": 46, "sell_price": "58.00", "captured": false, "order": 27, "capture_time": "2015-01-29T07:34:12.056Z", "quantity": 1}, "model": "members.authuserorderitem", "pk": 23}, {"fields": {"product": 110, "sell_price": "300.00", "captured": false, "order": 28, "capture_time": "2015-01-29T07:35:02.262Z", "quantity": 1}, "model": "members.authuserorderitem", "pk": 24}, {"fields": {"product": 46, "sell_price": "58.00", "captured": false, "order": 35, "capture_time": "2015-01-29T17:43:23.890Z", "quantity": 1}, "model": "members.authuserorderitem", "pk": 31}, {"fields": {"product": 101, "sell_price": "2425.00", "captured": false, "order": 36, "capture_time": "2015-01-29T22:54:58.012Z", "quantity": 1}, "model": "members.authuserorderitem", "pk": 32}, {"fields": {"product": 46, "sell_price": "58.00", "captured": false, "order": 37, "capture_time": "2015-01-30T06:14:52.104Z", "quantity": 1}, "model": "members.authuserorderitem", "pk": 33}, {"fields": {"product": 77, "sell_price": "725.00", "captured": false, "order": 38, "capture_time": "2015-01-30T06:43:44.085Z", "quantity": 1}, "model": "members.authuserorderitem", "pk": 34}, {"fields": {"product": 72, "sell_price": "850.00", "captured": false, "order": 39, "capture_time": "2015-01-31T04:06:22.374Z", "quantity": 1}, "model": "members.authuserorderitem", "pk": 35}, {"fields": {"product": 100, "sell_price": "1380.00", "captured": true, "order": 40, "capture_time": "2015-02-02T17:52:51.586Z", "quantity": 1}, "model": "members.authuserorderitem", "pk": 36}, {"fields": {"product": 100, "sell_price": "1380.00", "captured": false, "order": 41, "capture_time": "2015-02-02T21:31:10.015Z", "quantity": 1}, "model": "members.authuserorderitem", "pk": 37}, {"fields": {"product": 107, "sell_price": "1310.00", "captured": false, "order": 42, "capture_time": "2015-02-02T21:35:51.470Z", "quantity": 1}, "model": "members.authuserorderitem", "pk": 38}, {"fields": {"product": 100, "sell_price": "1380.00", "captured": false, "order": 43, "capture_time": "2015-02-03T21:26:22.003Z", "quantity": 1}, "model": "members.authuserorderitem", "pk": 39}, {"fields": {}, "model": "members.registrationprofile", "pk": 11}, {"fields": {}, "model": "members.registrationprofile", "pk": 20}, {"fields": {"owner": 5, "legal_name": "Leftovers Home Consignment", "website": "http://weloveleftovers.com/", "short_name": "Leftovers", "organization_type": "corp."}, "model": "merchants.retailer", "pk": 8}, {"fields": {"owner": 5, "legal_name": "Past Perfect SF", "website": "http://www.pastperfectsf.com/", "short_name": "Past Perfect", "organization_type": "corp."}, "model": "merchants.retailer", "pk": 9}, {"fields": {"owner": 5, "legal_name": "Cavalier Goods", "website": "https://cavaliergoods.com/", "short_name": "Cavalier Goods", "organization_type": "corp."}, "model": "merchants.retailer", "pk": 10}, {"fields": {"owner": 5, "legal_name": "Aldea Home", "website": "https://aldeahome.com/", "short_name": "Aldea Home", "organization_type": "corp."}, "model": "merchants.retailer", "pk": 11}, {"fields": {"owner": 5, "legal_name": "Harrington Galleries", "website": "http://webstore.harringtongalleries.com/", "short_name": "Harrington Galleries", "organization_type": "corp."}, "model": "merchants.retailer", "pk": 12}, {"fields": {"owner": 5, "legal_name": "Big Daddy's Antiques", "website": "http://bdantiques.com/", "short_name": "Big Daddy's Antiques", "organization_type": "corp."}, "model": "merchants.retailer", "pk": 14}, {"fields": {"owner": 5, "legal_name": "Midcentury Modern Finds", "website": "http://www.midcenturymodernfinds.com/", "short_name": "MCMF", "organization_type": "corp."}, "model": "merchants.retailer", "pk": 15}, {"fields": {"owner": 5, "legal_name": "Ohmega Salvage", "website": "http://www.ohmegasalvage.com/", "short_name": "Ohmega Salvage", "organization_type": "corp."}, "model": "merchants.retailer", "pk": 16}, {"fields": {"owner": 5, "legal_name": "Zinc Details", "website": "http://www.zincdetails.com/", "short_name": "Zinc Details", "organization_type": "corp."}, "model": "merchants.retailer", "pk": 17}, {"fields": {"owner": 5, "legal_name": "Carousel Consignment SF ", "website": "http://www.carouselsf.com/", "short_name": "Carousel Consignment ", "organization_type": "corp."}, "model": "merchants.retailer", "pk": 18}, {"fields": {"owner": 5, "legal_name": "Erin Lane", "website": "https://www.etsy.com/shop/ErinLaneEstate", "short_name": "Erin Lane", "organization_type": "indiv"}, "model": "merchants.retailer", "pk": 19}, {"fields": {"owner": 5, "legal_name": "Archivo", "website": "https://www.etsy.com/shop/ARCHIVO", "short_name": "Archivo", "organization_type": "indiv"}, "model": "merchants.retailer", "pk": 20}, {"fields": {"owner": 5, "legal_name": "Funkenwerk", "website": "https://www.etsy.com/shop/Funkenwerk", "short_name": "Funkenwerk", "organization_type": "indiv"}, "model": "merchants.retailer", "pk": 21}, {"fields": {"owner": 5, "legal_name": "jonathan Adler", "website": "http://www.jonathanadler.com/", "short_name": "jonathan Adler", "organization_type": "corp."}, "model": "merchants.retailer", "pk": 22}, {"fields": {"owner": 5, "legal_name": "Ind Lights", "website": "https://www.etsy.com/shop/IndLights", "short_name": "Ind Lights", "organization_type": "indiv"}, "model": "merchants.retailer", "pk": 23}, {"fields": {"owner": 5, "legal_name": "Jeremiah Collection", "website": "https://www.etsy.com/shop/jeremiahcollection", "short_name": "Jeremiah Collection", "organization_type": "indiv"}, "model": "merchants.retailer", "pk": 24}, {"fields": {"owner": 5, "legal_name": "Moo Roo Renew", "website": "http://mooroorenew.com/", "short_name": "Moo Roo Renew", "organization_type": "corp."}, "model": "merchants.retailer", "pk": 25}]