[{"fields": {"select": "new"}, "model": "goods.segment", "pk": 1}, {"fields": {"select": "vintage"}, "model": "goods.segment", "pk": 2}, {"fields": {"select": "used"}, "model": "goods.segment", "pk": 3}, {"fields": {"select": "modern"}, "model": "goods.style", "pk": 5}, {"fields": {"select": "traditional"}, "model": "goods.style", "pk": 6}, {"fields": {"select": "contemporary"}, "model": "goods.style", "pk": 7}, {"fields": {"select": "rustic"}, "model": "goods.style", "pk": 8}, {"fields": {"select": "industrial"}, "model": "goods.style", "pk": 9}, {"fields": {"select": "beach"}, "model": "goods.style", "pk": 10}, {"fields": {"select": "antique"}, "model": "goods.style", "pk": 11}, {"fields": {"select": "asian"}, "model": "goods.style", "pk": 12}, {"fields": {"is_furniture": true, "select": "seating"}, "model": "goods.furnituretype", "pk": 1}, {"fields": {"is_furniture": true, "select": "tables"}, "model": "goods.furnituretype", "pk": 2}, {"fields": {"is_furniture": true, "select": "lighting"}, "model": "goods.furnituretype", "pk": 3}, {"fields": {"is_furniture": true, "select": "decor"}, "model": "goods.furnituretype", "pk": 5}, {"fields": {"is_furniture": true, "select": "storage"}, "model": "goods.furnituretype", "pk": 6}, {"fields": {"is_furniture": true, "select": "beds"}, "model": "goods.furnituretype", "pk": 7}, {"fields": {"is_furniture": true, "select": "other"}, "model": "goods.furnituretype", "pk": 8}, {"fields": {"is_furniture": true, "select": "kitchen"}, "model": "goods.furnituretype", "pk": 9}, {"fields": {"select": "mid"}, "model": "goods.valuetier", "pk": 1}, {"fields": {"select": "value"}, "model": "goods.valuetier", "pk": 2}, {"fields": {"select": "luxury"}, "model": "goods.valuetier", "pk": 3}, {"fields": {"select": null}, "model": "goods.category", "pk": 1}, {"fields": {"select": "living"}, "model": "goods.category", "pk": 3}, {"fields": {"select": "dining"}, "model": "goods.category", "pk": 4}, {"fields": {"select": "bedroom"}, "model": "goods.category", "pk": 5}, {"fields": {"select": "office"}, "model": "goods.category", "pk": 6}, {"fields": {"select": "lighting"}, "model": "goods.category", "pk": 7}, {"fields": {"select": "decor"}, "model": "goods.category", "pk": 8}, {"fields": {"select": "other"}, "model": "goods.category", "pk": 9}, {"fields": {"shipping_charge": null, "trial_product": false, "select": "bar"}, "model": "goods.subcategory", "pk": 35}, {"fields": {"shipping_charge": null, "trial_product": true, "select": "dresser"}, "model": "goods.subcategory", "pk": 36}, {"fields": {"shipping_charge": null, "trial_product": true, "select": "sofa"}, "model": "goods.subcategory", "pk": 40}, {"fields": {"shipping_charge": null, "trial_product": false, "select": "table - small"}, "model": "goods.subcategory", "pk": 41}, {"fields": {"shipping_charge": null, "trial_product": false, "select": "pillow"}, "model": "goods.subcategory", "pk": 43}, {"fields": {"shipping_charge": null, "trial_product": false, "select": "lighting - other"}, "model": "goods.subcategory", "pk": 44}, {"fields": {"shipping_charge": null, "trial_product": false, "select": "ottoman"}, "model": "goods.subcategory", "pk": 45}, {"fields": {"shipping_charge": null, "trial_product": false, "select": "mirror"}, "model": "goods.subcategory", "pk": 47}, {"fields": {"shipping_charge": null, "trial_product": false, "select": "media"}, "model": "goods.subcategory", "pk": 48}, {"fields": {"shipping_charge": null, "trial_product": true, "select": "loveseat"}, "model": "goods.subcategory", "pk": 49}, {"fields": {"shipping_charge": null, "trial_product": false, "select": "kitchen and serving"}, "model": "goods.subcategory", "pk": 50}, {"fields": {"shipping_charge": null, "trial_product": true, "select": "armoire"}, "model": "goods.subcategory", "pk": 53}, {"fields": {"shipping_charge": null, "trial_product": false, "select": "bar stool"}, "model": "goods.subcategory", "pk": 54}, {"fields": {"shipping_charge": null, "trial_product": false, "select": "bed"}, "model": "goods.subcategory", "pk": 55}, {"fields": {"shipping_charge": null, "trial_product": false, "select": "bench"}, "model": "goods.subcategory", "pk": 56}, {"fields": {"shipping_charge": null, "trial_product": false, "select": "chair - dining"}, "model": "goods.subcategory", "pk": 57}, {"fields": {"shipping_charge": null, "trial_product": false, "select": "chair - accent"}, "model": "goods.subcategory", "pk": 58}, {"fields": {"shipping_charge": null, "trial_product": true, "select": "chaise"}, "model": "goods.subcategory", "pk": 60}, {"fields": {"shipping_charge": null, "trial_product": false, "select": "decor - wall"}, "model": "goods.subcategory", "pk": 61}, {"fields": {"shipping_charge": null, "trial_product": false, "select": "decor - table"}, "model": "goods.subcategory", "pk": 62}, {"fields": {"shipping_charge": null, "trial_product": false, "select": "decor - other"}, "model": "goods.subcategory", "pk": 63}, {"fields": {"shipping_charge": null, "trial_product": true, "select": "desk"}, "model": "goods.subcategory", "pk": 64}, {"fields": {"shipping_charge": null, "trial_product": false, "select": "lighting - desk"}, "model": "goods.subcategory", "pk": 65}, {"fields": {"shipping_charge": null, "trial_product": false, "select": "lighting - floor"}, "model": "goods.subcategory", "pk": 66}, {"fields": {"shipping_charge": null, "trial_product": true, "select": "cabinet"}, "model": "goods.subcategory", "pk": 67}, {"fields": {"shipping_charge": null, "trial_product": true, "select": "table - large"}, "model": "goods.subcategory", "pk": 68}, {"fields": {"shipping_charge": null, "trial_product": false, "select": "trunk"}, "model": "goods.subcategory", "pk": 69}, {"fields": {"shipping_charge": null, "trial_product": false, "select": "rug"}, "model": "goods.subcategory", "pk": 70}, {"fields": {"shipping_charge": null, "trial_product": false, "select": "throw"}, "model": "goods.subcategory", "pk": 71}, {"fields": {"shipping_charge": null, "trial_product": true, "select": "bookcase"}, "model": "goods.subcategory", "pk": 72}, {"fields": {"shipping_charge": null, "trial_product": false, "select": "chair - desk"}, "model": "goods.subcategory", "pk": 73}, {"fields": {"shipping_charge": null, "trial_product": false, "select": "context"}, "model": "goods.subcategory", "pk": 74}, {"fields": {"shipping_charge": null, "trial_product": false, "select": "other"}, "model": "goods.subcategory", "pk": 75}, {"fields": {"select": "Black"}, "model": "goods.color", "pk": 1}, {"fields": {"select": "Brown"}, "model": "goods.color", "pk": 2}, {"fields": {"select": "Clear"}, "model": "goods.color", "pk": 3}, {"fields": {"select": "Silver"}, "model": "goods.color", "pk": 4}, {"fields": {"select": "White"}, "model": "goods.color", "pk": 5}, {"fields": {"select": "Red"}, "model": "goods.color", "pk": 6}, {"fields": {"select": "green"}, "model": "goods.color", "pk": 7}, {"fields": {"select": "Blue"}, "model": "goods.color", "pk": 8}, {"fields": {"select": "Marble"}, "model": "goods.color", "pk": 9}, {"fields": {"select": "Gold"}, "model": "goods.color", "pk": 10}, {"fields": {"select": "Pink"}, "model": "goods.color", "pk": 11}, {"fields": {"select": "Turquoise"}, "model": "goods.color", "pk": 12}, {"fields": {"select": "yellow"}, "model": "goods.color", "pk": 14}, {"fields": {"select": "maroon"}, "model": "goods.color", "pk": 15}, {"fields": {"select": "Purple"}, "model": "goods.color", "pk": 16}, {"fields": {"select": "Light Wood"}, "model": "goods.color", "pk": 17}, {"fields": {"select": "Copper"}, "model": "goods.color", "pk": 18}, {"fields": {"select": "Brass"}, "model": "goods.color", "pk": 19}, {"fields": {"select": "Navy"}, "model": "goods.color", "pk": 20}, {"fields": {"select": "Beige"}, "model": "goods.color", "pk": 21}, {"fields": {"select": "Bronze"}, "model": "goods.color", "pk": 22}, {"fields": {"select": "Steel"}, "model": "goods.color", "pk": 23}, {"fields": {"select": "terra cotta"}, "model": "goods.color", "pk": 24}, {"fields": {"select": "Grey"}, "model": "goods.color", "pk": 25}, {"fields": {"select": "Multicolor"}, "model": "goods.color", "pk": 26}, {"fields": {"select": "Dark Brass"}, "model": "goods.color", "pk": 27}, {"fields": {"select": "Aluminum"}, "model": "goods.color", "pk": 28}, {"fields": {"select": "Orange"}, "model": "goods.color", "pk": 29}, {"fields": {"select": "Cream"}, "model": "goods.color", "pk": 30}, {"fields": {"select": "leather"}, "model": "goods.material", "pk": 1}, {"fields": {"select": "acrylic"}, "model": "goods.material", "pk": 2}, {"fields": {"select": "cotton"}, "model": "goods.material", "pk": 3}, {"fields": {"select": "engineered wood"}, "model": "goods.material", "pk": 4}, {"fields": {"select": "linen"}, "model": "goods.material", "pk": 5}, {"fields": {"select": "fabric "}, "model": "goods.material", "pk": 6}, {"fields": {"select": "polyester"}, "model": "goods.material", "pk": 7}, {"fields": {"select": "wood - veneer"}, "model": "goods.material", "pk": 8}, {"fields": {"select": "faux metal"}, "model": "goods.material", "pk": 9}, {"fields": {"select": "ceramic"}, "model": "goods.material", "pk": 10}, {"fields": {"select": "suede"}, "model": "goods.material", "pk": 12}, {"fields": {"select": "wood"}, "model": "goods.material", "pk": 13}, {"fields": {"select": "copper"}, "model": "goods.material", "pk": 14}, {"fields": {"select": "brass"}, "model": "goods.material", "pk": 15}, {"fields": {"select": "cowhide"}, "model": "goods.material", "pk": 16}, {"fields": {"select": "faux alligator"}, "model": "goods.material", "pk": 17}, {"fields": {"select": "cane"}, "model": "goods.material", "pk": 18}, {"fields": {"select": "aluminum"}, "model": "goods.material", "pk": 20}, {"fields": {"select": "velvet"}, "model": "goods.material", "pk": 21}, {"fields": {"select": "glass"}, "model": "goods.material", "pk": 22}, {"fields": {"select": "lucite "}, "model": "goods.material", "pk": 23}, {"fields": {"select": "fiberglass"}, "model": "goods.material", "pk": 24}, {"fields": {"select": "capiz"}, "model": "goods.material", "pk": 26}, {"fields": {"select": "vinyl"}, "model": "goods.material", "pk": 27}, {"fields": {"select": "bronze"}, "model": "goods.material", "pk": 28}, {"fields": {"select": "teak"}, "model": "goods.material", "pk": 29}, {"fields": {"select": "steel"}, "model": "goods.material", "pk": 30}, {"fields": {"select": "terra cotta"}, "model": "goods.material", "pk": 31}, {"fields": {"select": "rattan"}, "model": "goods.material", "pk": 33}, {"fields": {"select": "iron"}, "model": "goods.material", "pk": 34}, {"fields": {"select": "wool"}, "model": "goods.material", "pk": 35}, {"fields": {"select": "crystal"}, "model": "goods.material", "pk": 36}, {"fields": {"select": "marble"}, "model": "goods.material", "pk": 37}, {"fields": {"select": "shell"}, "model": "goods.material", "pk": 38}, {"fields": {"select": "pottery"}, "model": "goods.material", "pk": 39}, {"fields": {"select": "stainless steel"}, "model": "goods.material", "pk": 40}, {"fields": {"select": "metal"}, "model": "goods.material", "pk": 41}, {"fields": {"select": "polypropylene"}, "model": "goods.material", "pk": 42}, {"fields": {"select": "plywood"}, "model": "goods.material", "pk": 43}, {"fields": {"select": "recycled"}, "model": "goods.material", "pk": 44}, {"fields": {"select": "wicker"}, "model": "goods.material", "pk": 45}, {"fields": {"select": "wood - ash"}, "model": "goods.material", "pk": 46}, {"fields": {"select": "wood - birch"}, "model": "goods.material", "pk": 47}, {"fields": {"select": "wood - cherry"}, "model": "goods.material", "pk": 48}, {"fields": {"select": "wood - elm"}, "model": "goods.material", "pk": 49}, {"fields": {"select": "wood - engineered"}, "model": "goods.material", "pk": 50}, {"fields": {"select": "wood - mahogany"}, "model": "goods.material", "pk": 51}, {"fields": {"select": "wood - maple"}, "model": "goods.material", "pk": 52}, {"fields": {"select": "wood - oak"}, "model": "goods.material", "pk": 53}, {"fields": {"select": "wood - pine"}, "model": "goods.material", "pk": 54}, {"fields": {"select": "wood - plywood"}, "model": "goods.material", "pk": 55}, {"fields": {"select": "wood - poplar"}, "model": "goods.material", "pk": 56}, {"fields": {"select": "wood - reclaimed"}, "model": "goods.material", "pk": 57}, {"fields": {"select": "wood - teak"}, "model": "goods.material", "pk": 58}, {"fields": {"select": "wood - walnut"}, "model": "goods.material", "pk": 59}, {"fields": {"select": "wood - other"}, "model": "goods.material", "pk": 60}, {"fields": {"select": "wood - unknown"}, "model": "goods.material", "pk": 61}, {"fields": {"original_price": "2399.00", "is_featured": false, "subcategory": [68], "weight": null, "diameter": null, "color": [], "furnituretype": [2], "height": "30.00", "md5_order": "71fbf7feddf884a5008c07bc42c26399", "is_sold": false, "current_price": "2399.00", "lng": -122.2919643, "sku": null, "style": [], "is_custom": false, "segment": [1], "tags": null, "width": "84.00", "has_trial": true, "seat_height": null, "bed_size": "", "store": 34, "category": [], "material": [58], "description": "Nice and simple, mid-century modern dining table. It has gorgeous splayed legs and a beautiful teak grain. Handcrafted and made from reclaimed wood.", "short_name": "Harrison Dining Table", "color_description": "Natural Honey", "is_avail_now": true, "added_date": "2015-02-09T01:22:21.272Z", "units": 1, "lat": 37.848171, "pub_date": "2015-02-10T18:19:47.495Z", "slug": "harrison-dining-table-1", "manufacturer": null, "delivery_weeks": null, "is_reserved": false, "url": "http://teakmehome.com/product/harrison-dining-table/", "is_publishable": true, "is_instore": true, "material_description": "100% Solid Reclaimed Teak Wood", "depth": "40.00", "is_landing": false, "is_published": true, "is_floor_model": false}, "model": "goods.product", "pk": 327}, {"fields": {"image": "v1423444950/yrubbpuebxfbuwkaof91.jpg", "product": 327, "is_main": true}, "model": "goods.productimage", "pk": 364}, {"fields": {"image": "v1423592384/makrhwowhhgexbxwqljo.jpg", "product": 327, "is_main": false}, "model": "goods.productimage", "pk": 365}, {"fields": {"first_name": "", "last_name": "", "groups": [], "is_active": true, "is_merchant": true, "is_superuser": true, "last_login": "2015-02-14T20:10:16.096Z", "in_coverage_area": false, "user_permissions": [], "is_admin": true, "password": "pbkdf2_sha256$12000$b15ds0uIF6ab$f2D/TVWGX82k5gYfi+fzWcVEWjCuGJ2ehpWXjgY83jE=", "email": "blakesadams@gmail.com", "date_joined": "2014-12-11T23:02:40.297Z"}, "model": "members.authuser", "pk": 1}, {"fields": {"first_name": null, "last_name": null, "groups": [], "is_active": false, "is_merchant": false, "is_superuser": false, "last_login": "2015-01-20T22:27:19.650Z", "in_coverage_area": false, "user_permissions": [], "is_admin": false, "password": "pbkdf2_sha256$12000$5BwdDUzgEZbN$oiRj+OFyRcSd92UXI1oHmNjlP+e82V0w+RZRK6CcuOQ=", "email": "andavis@gmail.com", "date_joined": "2015-01-20T22:27:19.718Z"}, "model": "members.authuser", "pk": 15}, {"fields": {"first_name": null, "last_name": null, "groups": [], "is_active": true, "is_merchant": false, "is_superuser": false, "last_login": "2015-02-04T17:43:26.995Z", "in_coverage_area": false, "user_permissions": [], "is_admin": false, "password": "pbkdf2_sha256$12000$DR1o05BtKdvv$UH+l7BwPiWXLD7e4iDLJid45CzRvSMBOAoor/vV3DKY=", "email": "And2eyes@hotmail.com", "date_joined": "2015-02-04T17:43:26.663Z"}, "model": "members.authuser", "pk": 26}, {"fields": {"first_name": null, "last_name": null, "groups": [], "is_active": true, "is_merchant": false, "is_superuser": false, "last_login": "2015-02-04T17:45:07.399Z", "in_coverage_area": false, "user_permissions": [], "is_admin": false, "password": "pbkdf2_sha256$12000$tLqZakLr7Dp9$oKB/LT4TbWt7Jg733dxgG2lLk0eUnsvUR4y60Ewc4Qw=", "email": "And2eyes@gmail.com", "date_joined": "2015-02-04T17:45:07.020Z"}, "model": "members.authuser", "pk": 27}, {"fields": {"city": "Jacksonville", "updated": "2015-02-12T02:24:33.039Z", "authuser": 1, "zipcd": 32224, "billing": false, "timestamp": "2015-01-17T20:50:45.741Z", "street2": null, "shipping": true, "phone": "", "state": "FL", "street": "123 street", "lat": null, "lng": null}, "model": "members.authuseraddress", "pk": 1}, {"fields": {"recommended_items": [], "style": [], "authuser": 1, "color": [], "furnituretype": [], "saved_items": [], "value_tier": []}, "model": "members.authuseractivity", "pk": 32}, {"fields": {"recommended_items": [], "style": [], "authuser": 26, "color": [], "furnituretype": [], "saved_items": [], "value_tier": []}, "model": "members.authuseractivity", "pk": 41}, {"fields": {"recommended_items": [], "style": [], "authuser": 27, "color": [], "furnituretype": [], "saved_items": [], "value_tier": []}, "model": "members.authuseractivity", "pk": 42}, {"fields": {"timestamp": "2015-02-08T19:56:23.301Z", "updated": "2015-02-08T19:56:23.301Z", "authuser": 1, "taxes": "247.19"}, "model": "members.authuserorder", "pk": 31}, {"fields": {"timestamp": "2015-02-08T19:57:19.444Z", "updated": "2015-02-08T19:57:19.444Z", "authuser": 1, "taxes": "247.19"}, "model": "members.authuserorder", "pk": 32}, {"fields": {"timestamp": "2015-02-09T06:11:15.281Z", "updated": "2015-02-09T06:11:15.281Z", "authuser": 1, "taxes": "49.00"}, "model": "members.authuserorder", "pk": 33}, {"fields": {"timestamp": "2015-02-09T06:17:45.518Z", "updated": "2015-02-09T06:17:45.518Z", "authuser": 1, "taxes": "49.00"}, "model": "members.authuserorder", "pk": 34}, {"fields": {"timestamp": "2015-02-11T17:34:14.593Z", "updated": "2015-02-11T17:34:14.593Z", "authuser": 1, "taxes": "114.62"}, "model": "members.authuserorder", "pk": 35}, {"fields": {"timestamp": "2015-02-11T23:46:32.611Z", "updated": "2015-02-11T23:46:32.611Z", "authuser": 1, "taxes": "113.31"}, "model": "members.authuserorder", "pk": 36}, {"fields": {"timestamp": "2015-02-11T23:47:42.791Z", "updated": "2015-02-11T23:47:42.791Z", "authuser": 1, "taxes": "18.38"}, "model": "members.authuserorder", "pk": 37}, {"fields": {"timestamp": "2015-02-12T00:03:41.977Z", "updated": "2015-02-12T00:03:41.977Z", "authuser": 1, "taxes": "119.00"}, "model": "members.authuserorder", "pk": 38}, {"fields": {"timestamp": "2015-02-12T00:04:53.635Z", "updated": "2015-02-12T00:04:53.635Z", "authuser": 1, "taxes": "101.06"}, "model": "members.authuserorder", "pk": 39}, {"fields": {"timestamp": "2015-02-12T00:05:30.961Z", "updated": "2015-02-12T00:05:30.961Z", "authuser": 1, "taxes": "247.19"}, "model": "members.authuserorder", "pk": 40}, {"fields": {"timestamp": "2015-02-12T00:12:45.467Z", "updated": "2015-02-12T00:12:45.467Z", "authuser": 1, "taxes": "119.00"}, "model": "members.authuserorder", "pk": 41}, {"fields": {"timestamp": "2015-02-12T00:14:46.581Z", "updated": "2015-02-12T00:14:46.581Z", "authuser": 1, "taxes": "119.00"}, "model": "members.authuserorder", "pk": 42}, {"fields": {"timestamp": "2015-02-12T00:23:15.967Z", "updated": "2015-02-12T00:23:15.967Z", "authuser": 1, "taxes": "87.50"}, "model": "members.authuserorder", "pk": 44}, {"fields": {"timestamp": "2015-02-12T02:17:10.315Z", "updated": "2015-02-12T02:17:10.315Z", "authuser": 1, "taxes": "42.00"}, "model": "members.authuserorder", "pk": 45}, {"fields": {"timestamp": "2015-02-12T02:17:49.044Z", "updated": "2015-02-12T02:17:49.044Z", "authuser": 1, "taxes": "37.19"}, "model": "members.authuserorder", "pk": 46}, {"fields": {"timestamp": "2015-02-12T02:19:00.477Z", "updated": "2015-02-12T02:19:00.477Z", "authuser": 1, "taxes": "105.44"}, "model": "members.authuserorder", "pk": 47}, {"fields": {"timestamp": "2015-02-12T02:19:38.351Z", "updated": "2015-02-12T02:19:38.351Z", "authuser": 1, "taxes": "119.00"}, "model": "members.authuserorder", "pk": 48}, {"fields": {"timestamp": "2015-02-12T02:22:41.579Z", "updated": "2015-02-12T02:22:41.579Z", "authuser": 1, "taxes": "59.50"}, "model": "members.authuserorder", "pk": 49}, {"fields": {"timestamp": "2015-02-12T02:23:53.647Z", "updated": "2015-02-12T02:23:53.647Z", "authuser": 1, "taxes": "49.00"}, "model": "members.authuserorder", "pk": 50}, {"fields": {"timestamp": "2015-02-12T02:24:32.708Z", "updated": "2015-02-12T02:24:32.708Z", "authuser": 1, "taxes": "140.00"}, "model": "members.authuserorder", "pk": 51}, {"fields": {"discount_fixed_amount": null, "is_discount": true, "code": "", "terms": "$10 off your first order up to $50 total", "name": "10% Off First Order", "start_time": "2015-02-02T10:08:24Z", "limit_per_user": 1, "is_active": true, "is_code_required": false, "end_time": "2015-02-13T10:08:36Z", "discount_percent": "10.00", "offer_type": "FIRST_ORDER", "discount_limit": "50.00", "short_terms": "10% off the first order for new users"}, "model": "members.promotionoffer", "pk": 1}, {"fields": {"discount_fixed_amount": null, "is_discount": true, "code": "designlife", "terms": "Limit 1 per customer", "name": "Test Promo Offer", "start_time": "2015-02-11T14:30:00Z", "limit_per_user": -1, "is_active": true, "is_code_required": true, "end_time": "2015-02-18T14:30:00Z", "discount_percent": "10.00", "offer_type": "DISCOUNT_PROMO", "discount_limit": "50.00", "short_terms": "Test Promo Offer"}, "model": "members.promotionoffer", "pk": 2}, {"fields": {"authuser": 1, "offer": 2, "timestamp": "2015-02-11T17:34:14.601Z", "total_before_discount": "1360.00", "order": 35, "discount_amount": "50.00"}, "model": "members.promotionredemption", "pk": 1}, {"fields": {"authuser": 1, "offer": 1, "timestamp": "2015-02-12T00:04:53.643Z", "total_before_discount": "1205.00", "order": 39, "discount_amount": "50.00"}, "model": "members.promotionredemption", "pk": 2}, {"fields": {"owner": 1, "legal_name": "Branch Projects, Inc.", "website": "http://www.branchhome.com/", "short_name": "Branch", "organization_type": "corp."}, "model": "merchants.retailer", "pk": 26}, {"fields": {"owner": 1, "legal_name": "Sofa Creations", "website": "http://mysofacreation.com/", "short_name": "Sofa Creations", "organization_type": "corp."}, "model": "merchants.retailer", "pk": 27}, {"fields": {"owner": 1, "legal_name": "The Wooden Duck", "website": "http://www.thewoodenduck.com/", "short_name": "The Wooden Duck", "organization_type": "corp."}, "model": "merchants.retailer", "pk": 31}, {"fields": {"owner": 1, "legal_name": "Teak Me Home", "website": "http://teakmehome.com/", "short_name": "Teak Me Home", "organization_type": "corp."}, "model": "merchants.retailer", "pk": 32}, {"fields": {"owner": 1, "legal_name": "Furniture Envy", "website": "http://furnitureenvy.net/", "short_name": "Furniture Envy", "organization_type": "corp."}, "model": "merchants.retailer", "pk": 33}, {"fields": {"owner": 1, "legal_name": "BoConcept", "website": "http://www.boconcept.com/en-us/furniture/whats-new/exdisplay/boconcept-san-francisco", "short_name": "BoConcept", "organization_type": "corp."}, "model": "merchants.retailer", "pk": 34}, {"fields": {"owner": 1, "legal_name": "Hana Antiques", "website": "http://hanaantiques.com/", "short_name": "Hana", "organization_type": "corp."}, "model": "merchants.retailer", "pk": 35}, {"fields": {"city": "San Francisco", "is_featured": true, "neighborhood": "SoMa", "zipcd": 94103, "has_returns": false, "street2": "Ste 202", "retailer": 26, "store_num": "", "state": "CA", "street": "345 9th St", "lat": null, "shipper": [], "lng": null, "description": ""}, "model": "merchants.store", "pk": 28}, {"fields": {"city": "San Francisco", "is_featured": true, "neighborhood": "Nob Hill", "zipcd": 94109, "has_returns": false, "street2": "", "retailer": 27, "store_num": "", "state": "CA", "street": "1529 Polk Street", "lat": null, "shipper": [], "lng": null, "description": ""}, "model": "merchants.store", "pk": 29}, {"fields": {"city": "Berkeley", "is_featured": true, "neighborhood": "Berkeley", "zipcd": 94710, "has_returns": false, "street2": "", "retailer": 31, "store_num": "", "state": "CA", "street": "1823 Eastshore Highway", "lat": null, "shipper": [], "lng": null, "description": ""}, "model": "merchants.store", "pk": 33}, {"fields": {"city": "Emeryville", "is_featured": true, "neighborhood": "Emeryville", "zipcd": 94608, "has_returns": false, "street2": "", "retailer": 32, "store_num": "", "state": "CA", "street": "6635 Hollis Street", "lat": null, "shipper": [], "lng": null, "description": ""}, "model": "merchants.store", "pk": 34}, {"fields": {"city": "San Francisco", "is_featured": true, "neighborhood": "Marina", "zipcd": 94123, "has_returns": false, "street2": "", "retailer": 33, "store_num": "", "state": "CA", "street": "2240 Lombard Street", "lat": null, "shipper": [], "lng": null, "description": ""}, "model": "merchants.store", "pk": 35}, {"fields": {"city": "Berkeley", "is_featured": true, "neighborhood": "Berkeley", "zipcd": 94707, "has_returns": false, "street2": "", "retailer": 35, "store_num": "", "state": "CA", "street": "902 the alameda", "lat": null, "shipper": [], "lng": null, "description": ""}, "model": "merchants.store", "pk": 36}, {"fields": {"city": "San Francisco", "is_featured": true, "neighborhood": "SoMa", "zipcd": 94103, "has_returns": false, "street2": "", "retailer": 34, "store_num": "", "state": "CA", "street": " Rhode Island Street", "lat": null, "shipper": [], "lng": null, "description": ""}, "model": "merchants.store", "pk": 37}]